g_id,src,dst,label
6678,_1,_2,i
6678,_1,_3,i
6678,_2,_4,i
6678,_3,_5,i
6678,_4,_6,i
6678,_5,_7,i
6678,_5,_8,i
6678,_6,_9,i
6678,_6,_10,i
34214,_1,_2,i
34214,_2,_3,i
34214,_3,_4,i
34214,_4,_5,i
34214,_1,_6,i
34214,_1,_7,i
34214,_7,_8,i
34214,_2,_9,i
34214,_6,_10,i
34214,_4,_11,i
34214,_5,_6,i
27931,_1,_2,a
27931,_2,_3,a
27931,_3,_4,a
27931,_1,_5,a
27931,_3,_6,a
27931,_6,_7,a
27931,_7,_8,a
27931,_8,_9,a
27931,_9,_10,a
27931,_6,_11,a
27931,_10,_12,a
27931,_9,_13,a
27931,_7,_14,a
27931,_5,_15,a
27931,_15,_16,a
27931,_16,_17,a
27931,_1,_18,a
27931,_18,_19,a
27931,_19,_20,a
27931,_20,_21,a
27931,_20,_22,a
27931,_20,_23,a
27931,_23,_24,a
27931,_24,_25,a
27931,_25,_26,a
27931,_25,_27,a
27931,_27,_28,a
27931,_27,_29,a
27931,_27,_30,a
27931,_22,_31,a
27931,_31,_32,a
27931,_32,_33,a
27931,_32,_34,a
27931,_34,_35,a
27931,_34,_36,a
27931,_34,_37,a
27931,_4,_5,a
27931,_10,_11,a
244,_1,_2,i
244,_1,_3,i
244,_1,_4,i
244,_1,_5,i
244,_5,_6,i
244,_5,_7,i
244,_6,_8,i
244,_7,_9,i
244,_8,_10,i
244,_10,_11,i
244,_10,_12,i
244,_8,_9,i
9903,_1,_2,i
9903,_1,_3,i
9903,_1,_4,i
9903,_2,_5,i
9903,_2,_6,i
9903,_2,_7,i
9903,_3,_8,i
9903,_8,_9,i
21824,_1,_2,i
21824,_2,_3,i
21824,_3,_4,i
21824,_3,_5,i
21824,_5,_6,i
21824,_5,_7,i
2425,_1,_2,i
2425,_1,_3,i
2425,_1,_4,i
2425,_4,_5,i
2425,_4,_6,i
2425,_5,_7,i
2425,_6,_8,i
2425,_7,_9,i
2425,_7,_10,i
2425,_10,_11,i
2425,_8,_10,i
16,_1,_2,i
16,_1,_3,i
16,_1,_4,i
16,_1,_5,i
16,_2,_6,i
16,_5,_7,i
16,_5,_8,i
16,_6,_9,i
16,_7,_10,i
16,_8,_11,i
16,_10,_12,i
16,_11,_12,i
42356,_1,_2,a
42356,_1,_5,a
42356,_2,_3,a
42356,_3,_4,a
42356,_3,_6,a
42356,_4,_5,a
42356,_5,_15,a
42356,_6,_7,a
42356,_6,_10,a
42356,_7,_8,a
42356,_8,_9,a
42356,_8,_14,a
42356,_9,_12,a
42356,_9,_13,a
42356,_10,_11,a
42356,_10,_12,a
42356,_15,_16,a
42356,_16,_17,a
42356,_17,_18,a
42356,_17,_24,a
42356,_17,_25,a
42356,_19,_20,a
42356,_19,_24,a
42356,_20,_21,a
42356,_20,_33,a
42356,_22,_23,a
42356,_22,_25,a
42356,_23,_26,a
42356,_23,_27,a
42356,_27,_28,a
42356,_27,_32,a
42356,_28,_29,a
42356,_29,_30,a
42356,_30,_31,a
42356,_31,_32,a
42356,_33,_34,a
42356,_33,_38,a
42356,_34,_35,a
42356,_35,_36,a
42356,_36,_37,a
42356,_37,_38,a
166,_1,_2,i
166,_1,_3,i
166,_3,_4,i
166,_3,_5,i
166,_4,_6,i
166,_5,_7,i
166,_6,_8,i
166,_8,_9,i
166,_7,_8,i
16045,_1,_2,i
16045,_2,_3,i
16045,_2,_4,i
16045,_4,_5,i
16045,_4,_6,i
16045,_6,_7,i
16045,_6,_8,i
16045,_8,_9,i
16045,_8,_10,i
16045,_1,_11,i
16045,_1,_12,i
26581,_1,_2,i
26581,_2,_3,i
26581,_3,_4,i
26581,_4,_5,i
26581,_1,_6,i
26581,_6,_7,i
26581,_5,_8,i
26581,_8,_9,i
26581,_3,_10,i
26581,_10,_11,i
26581,_2,_12,i
26581,_5,_6,i
1132,_1,_2,i
1132,_1,_3,i
1132,_1,_4,i
1132,_2,_5,i
20698,_1,_2,i
20698,_2,_3,i
20698,_3,_4,i
20698,_4,_5,i
20698,_5,_6,i
20698,_4,_7,i
20698,_6,_8,i
20698,_6,_9,i
34759,_1,_3,i
34759,_1,_4,i
34759,_1,_5,i
34759,_5,_6,i
34759,_6,_7,i
34759,_7,_8,i
34759,_5,_9,i
34759,_8,_9,i
2340,_1,_2,a
2340,_2,_3,a
2340,_2,_4,a
2340,_3,_5,a
2340,_3,_6,a
2340,_4,_7,a
2340,_4,_8,a
2340,_5,_9,a
2340,_5,_10,a
2340,_6,_11,a
2340,_6,_12,a
2340,_7,_13,a
2340,_7,_14,a
2340,_7,_15,a
2340,_9,_16,a
2340,_10,_17,a
2340,_12,_18,a
2340,_16,_19,a
2340,_16,_20,a
2340,_16,_21,a
2340,_18,_22,a
2340,_22,_23,a
2340,_23,_24,a
2340,_23,_25,a
2340,_24,_26,a
2340,_24,_27,a
2340,_25,_28,a
2340,_27,_29,a
2340,_29,_30,a
2340,_30,_31,a
2340,_30,_32,a
2340,_31,_33,a
2340,_32,_34,a
2340,_33,_35,a
2340,_33,_36,a
2340,_36,_37,a
2340,_37,_38,a
2340,_38,_39,a
2340,_39,_40,a
2340,_39,_41,a
2340,_40,_42,a
2340,_40,_43,a
2340,_41,_44,a
2340,_43,_45,a
2340,_43,_46,a
2340,_45,_47,a
2340,_46,_48,a
2340,_46,_49,a
2340,_47,_50,a
2340,_47,_51,a
2340,_49,_52,a
2340,_50,_53,a
2340,_50,_54,a
2340,_50,_55,a
2340,_52,_56,a
2340,_52,_57,a
2340,_52,_58,a
2340,_8,_9,a
2340,_12,_17,a
2340,_28,_29,a
2340,_34,_36,a
2340,_44,_45,a
2340,_49,_51,a
15411,_1,_2,i
15411,_2,_3,i
15411,_3,_4,i
15411,_4,_5,i
15411,_1,_6,i
15411,_6,_7,i
15411,_7,_8,i
15411,_8,_9,i
15411,_5,_10,i
15411,_10,_11,i
15411,_10,_12,i
15411,_5,_6,i
22793,_1,_2,a
22793,_2,_3,a
22793,_3,_4,a
22793,_1,_5,a
22793,_5,_6,a
22793,_6,_7,a
22793,_7,_8,a
22793,_1,_9,a
22793,_10,_11,a
22793,_10,_12,a
22793,_10,_13,a
22793,_13,_14,a
22793,_14,_15,a
22793,_14,_16,a
22793,_14,_17,a
22793,_9,_18,a
22793,_17,_19,a
22793,_19,_20,a
22793,_20,_21,a
22793,_20,_22,a
22793,_20,_23,a
22793,_23,_24,a
22793,_24,_25,a
22793,_24,_26,a
22793,_3,_27,a
22793,_27,_28,a
22793,_28,_29,a
22793,_28,_30,a
22793,_30,_31,a
22793,_31,_32,a
22793,_31,_33,a
22793,_33,_34,a
22793,_27,_35,a
22793,_26,_36,a
22793,_36,_37,a
22793,_37,_38,a
22793,_38,_39,a
22793,_39,_40,a
22793,_40,_41,a
22793,_41,_42,a
22793,_42,_43,a
22793,_43,_44,a
22793,_44,_45,a
22793,_45,_46,a
22793,_46,_47,a
22793,_47,_48,a
22793,_48,_49,a
22793,_21,_50,a
22793,_50,_51,a
22793,_51,_52,a
22793,_52,_53,a
22793,_53,_54,a
22793,_54,_55,a
22793,_55,_56,a
22793,_56,_57,a
22793,_57,_58,a
22793,_58,_59,a
22793,_59,_60,a
22793,_60,_61,a
22793,_61,_62,a
22793,_62,_63,a
22793,_63,_64,a
22793,_64,_65,a
22793,_65,_66,a
22793,_66,_67,a
22793,_67,_68,a
22793,_4,_5,a
22793,_10,_18,a
22793,_33,_35,a
1102,_1,_2,i
1102,_1,_3,i
1102,_1,_4,i
1102,_1,_5,i
1102,_2,_6,i
1102,_3,_7,i
1102,_4,_8,i
10992,_1,_2,i
10992,_2,_3,i
10992,_2,_4,i
10992,_4,_5,i
10992,_3,_6,i
10992,_6,_7,i
10992,_6,_8,i
10992,_6,_9,i
10992,_1,_11,i
10992,_10,_11,i
7963,_1,_2,i
7963,_1,_3,i
7963,_1,_4,i
7963,_1,_5,i
7963,_2,_6,i
7963,_2,_7,i
34225,_1,_2,i
34225,_2,_3,i
34225,_3,_4,i
34225,_4,_5,i
34225,_1,_6,i
34225,_6,_7,i
34225,_7,_8,i
34225,_3,_9,i
34225,_9,_10,i
34225,_5,_6,i
22527,_1,_2,a
22527,_2,_3,a
22527,_3,_4,a
22527,_1,_5,a
22527,_1,_6,a
22527,_6,_7,a
22527,_4,_8,a
22527,_8,_9,a
22527,_9,_10,a
22527,_10,_11,a
22527,_11,_12,a
22527,_11,_13,a
22527,_13,_14,a
22527,_9,_15,a
22527,_8,_16,a
22527,_16,_17,a
22527,_13,_18,a
22527,_2,_19,a
22527,_17,_20,a
22527,_4,_5,a
22527,_13,_16,a
33169,_1,_2,i
33169,_2,_3,i
33169,_3,_4,i
33169,_4,_5,i
33169,_1,_6,i
33169,_3,_7,i
33169,_7,_8,i
33169,_1,_9,i
33169,_4,_10,i
33169,_5,_6,i
33169,_8,_10,i
7086,_1,_2,i
7086,_1,_3,i
7086,_3,_4,i
7086,_3,_5,i
7086,_4,_6,i
7086,_4,_7,i
7086,_5,_8,i
7086,_6,_9,i
7086,_7,_10,i
7086,_8,_11,i
7086,_10,_11,i
38965,_1,_2,i
38965,_2,_3,i
38965,_3,_4,i
38965,_3,_5,i
38965,_5,_6,i
38965,_6,_7,i
38965,_4,_8,i
38965,_1,_9,i
38965,_5,_10,i
38965,_7,_8,i
38965,_4,_9,i
3190,_1,_2,i
3190,_1,_3,i
3190,_3,_4,i
3190,_3,_5,i
3190,_4,_6,i
3190,_4,_7,i
3190,_5,_8,i
3190,_7,_9,i
3190,_8,_10,i
3190,_9,_11,i
3190,_8,_9,i
1689,_1,_2,i
1689,_1,_3,i
1689,_1,_4,i
1689,_2,_5,i
1689,_2,_6,i
1689,_3,_7,i
1689,_4,_8,i
1689,_6,_7,i
1689,_5,_8,i
1813,_1,_2,i
1813,_1,_3,i
1813,_2,_4,i
1813,_3,_5,i
1813,_3,_6,i
1813,_4,_7,i
1813,_5,_8,i
1813,_5,_9,i
1813,_6,_10,i
1813,_9,_11,i
1813,_9,_12,i
1813,_10,_12,i
831,_1,_2,i
831,_2,_3,i
831,_2,_4,i
831,_3,_5,i
831,_4,_6,i
831,_5,_7,i
831,_6,_8,i
831,_7,_9,i
831,_7,_10,i
831,_8,_10,i
10193,_1,_2,i
10193,_2,_3,i
10193,_3,_4,i
10193,_4,_5,i
10193,_1,_6,i
10193,_1,_7,i
10193,_1,_8,i
10193,_5,_9,i
10193,_3,_10,i
10193,_4,_11,i
10193,_11,_12,i
10193,_5,_6,i
36654,_3,_4,i
36654,_1,_5,i
36654,_2,_6,i
36654,_1,_7,i
36654,_6,_8,i
36654,_4,_9,i
36654,_9,_10,i
36654,_4,_5,i
36654,_5,_6,i
36654,_2,_7,i
33702,_1,_2,i
33702,_2,_3,i
33702,_3,_4,i
33702,_4,_5,i
33702,_1,_6,i
33702,_6,_7,i
33702,_5,_8,i
33702,_3,_9,i
33702,_9,_10,i
33702,_7,_8,i
33702,_4,_9,i
33702,_6,_9,i
33702,_7,_9,i
2591,_1,_2,i
2591,_2,_3,i
2591,_2,_4,i
2591,_3,_5,i
2591,_4,_6,i
2591,_5,_7,i
2591,_6,_8,i
2591,_7,_9,i
2591,_8,_10,i
2591,_5,_6,i
2591,_9,_10,i
10257,_1,_2,i
10257,_2,_3,i
10257,_3,_4,i
10257,_1,_5,i
10257,_1,_6,i
10257,_6,_7,i
10257,_7,_8,i
10257,_8,_9,i
10257,_6,_10,i
10257,_8,_11,i
10257,_4,_5,i
10257,_9,_10,i
555,_1,_2,i
555,_2,_3,i
555,_2,_4,i
555,_3,_5,i
555,_3,_6,i
555,_4,_7,i
555,_5,_8,i
555,_6,_9,i
555,_5,_7,i
555,_8,_9,i
39527,_1,_2,i
39527,_2,_3,i
39527,_1,_4,i
39527,_1,_6,i
39527,_3,_7,i
39527,_5,_8,i
39527,_5,_9,i
39527,_9,_10,i
39527,_10,_11,i
39527,_6,_7,i
39527,_7,_8,i
39527,_6,_9,i
2790,_1,_2,i
2790,_1,_3,i
2790,_2,_4,i
2790,_3,_5,i
2790,_3,_6,i
2790,_4,_7,i
2790,_5,_8,i
2790,_7,_9,i
2790,_9,_10,i
2790,_9,_11,i
6390,_1,_2,i
6390,_2,_3,i
6390,_2,_4,i
6390,_3,_5,i
6390,_4,_6,i
6390,_5,_6,i
9927,_1,_2,i
9927,_1,_3,i
9927,_1,_4,i
9927,_2,_5,i
9927,_3,_6,i
9927,_4,_7,i
9927,_5,_8,i
9927,_5,_9,i
9927,_6,_10,i
9927,_7,_8,i
9927,_6,_9,i
9927,_7,_10,i
527,_1,_2,i
527,_1,_3,i
527,_1,_4,i
527,_2,_5,i
527,_2,_6,i
527,_3,_7,i
527,_5,_8,i
527,_7,_9,i
527,_3,_4,i
527,_5,_6,i
527,_7,_8,i
527,_8,_9,i
6999,_1,_2,i
6999,_1,_3,i
6999,_3,_4,i
6999,_3,_5,i
6999,_4,_6,i
6999,_4,_7,i
6999,_5,_8,i
6999,_7,_9,i
6999,_9,_10,i
6999,_8,_9,i
4968,_1,_2,i
4968,_1,_3,i
4968,_2,_4,i
4968,_3,_5,i
4968,_3,_6,i
4968,_4,_7,i
4968,_4,_8,i
4968,_4,_9,i
4968,_7,_10,i
4968,_5,_6,i
25367,_1,_2,i
25367,_2,_3,i
25367,_3,_4,i
25367,_1,_6,i
25367,_6,_7,i
25367,_4,_8,i
25367,_3,_9,i
25367,_2,_10,i
25367,_4,_11,i
25367,_4,_12,i
25367,_5,_6,i
25367,_5,_8,i
25367,_8,_9,i
9615,_1,_2,i
9615,_2,_3,i
9615,_2,_4,i
9615,_3,_5,i
9615,_3,_6,i
9615,_4,_7,i
9615,_4,_8,i
9615,_6,_9,i
9615,_9,_10,i
9615,_8,_9,i
10725,_1,_2,i
10725,_2,_3,i
10725,_3,_4,i
10725,_1,_5,i
10725,_5,_6,i
10725,_6,_7,i
10725,_2,_8,i
10725,_8,_9,i
10725,_3,_10,i
10725,_4,_11,i
10725,_4,_5,i
2187,_1,_2,i
2187,_2,_3,i
2187,_2,_4,i
2187,_2,_5,i
2187,_4,_6,i
2187,_5,_7,i
2187,_6,_8,i
2187,_7,_9,i
2187,_8,_10,i
2187,_9,_11,i
2187,_6,_7,i
2187,_10,_11,i
18857,_1,_2,a
18857,_1,_6,a
18857,_2,_3,a
18857,_3,_4,a
18857,_3,_11,a
18857,_4,_5,a
18857,_4,_7,a
18857,_5,_6,a
18857,_6,_8,a
18857,_8,_9,a
18857,_8,_10,a
18857,_11,_12,a
18857,_12,_13,a
18857,_13,_14,a
18857,_13,_18,a
18857,_14,_15,a
18857,_15,_16,a
18857,_16,_17,a
18857,_16,_23,a
18857,_17,_19,a
18857,_17,_18,a
18857,_19,_20,a
18857,_19,_21,a
18857,_19,_22,a
18857,_23,_24,a
18857,_24,_25,a
18857,_25,_26,a
18857,_25,_30,a
18857,_26,_27,a
18857,_26,_31,a
18857,_27,_28,a
18857,_28,_29,a
18857,_28,_35,a
18857,_29,_30,a
18857,_31,_32,a
18857,_31,_33,a
18857,_31,_34,a
18857,_35,_36,a
18857,_36,_37,a
18857,_37,_38,a
18857,_37,_45,a
18857,_38,_39,a
18857,_39,_40,a
18857,_40,_41,a
18857,_40,_44,a
18857,_41,_42,a
18857,_41,_43,a
18857,_44,_45,a
18857,_45,_46,a
12194,_1,_2,i
12194,_1,_3,i
12194,_1,_4,i
12194,_1,_5,i
12194,_4,_6,i
12194,_6,_7,i
12194,_3,_8,i
12194,_8,_9,i
12194,_5,_10,i
12194,_10,_11,i
2358,_1,_2,i
2358,_2,_3,i
2358,_2,_4,i
2358,_3,_5,i
2358,_3,_6,i
2358,_4,_7,i
2358,_5,_8,i
2358,_5,_9,i
2358,_6,_10,i
2358,_8,_11,i
2358,_10,_12,i
2358,_7,_9,i
2358,_10,_11,i
11808,_1,_2,a
11808,_1,_4,a
11808,_1,_5,a
11808,_2,_3,a
11808,_2,_10,a
11808,_5,_6,a
11808,_6,_7,a
11808,_7,_8,a
11808,_7,_9,a
11808,_7,_10,a
13232,_1,_2,i
13232,_2,_3,i
13232,_3,_4,i
13232,_4,_5,i
13232,_5,_6,i
13232,_6,_7,i
13232,_7,_8,i
13232,_7,_9,i
22712,_1,_2,a
22712,_2,_3,a
22712,_3,_4,a
22712,_1,_5,a
22712,_5,_6,a
22712,_6,_7,a
22712,_6,_8,a
22712,_8,_10,a
22712,_10,_11,a
22712,_11,_12,a
22712,_12,_13,a
22712,_9,_14,a
22712,_12,_15,a
22712,_15,_16,a
22712,_15,_17,a
22712,_17,_18,a
22712,_18,_19,a
22712,_13,_20,a
22712,_19,_21,a
22712,_18,_22,a
22712,_22,_23,a
22712,_22,_24,a
22712,_19,_25,a
22712,_4,_26,a
22712,_4,_5,a
22712,_9,_10,a
22712,_13,_14,a
9032,_1,_2,i
9032,_1,_3,i
9032,_1,_4,i
9032,_2,_5,i
9032,_2,_6,i
9032,_3,_7,i
9032,_3,_8,i
18858,_1,_2,a
18858,_2,_3,a
18858,_2,_8,a
18858,_3,_4,a
18858,_4,_5,a
18858,_4,_6,a
18858,_6,_7,a
18858,_6,_12,a
18858,_7,_9,a
18858,_7,_8,a
18858,_9,_10,a
18858,_9,_11,a
18858,_12,_13,a
18858,_13,_14,a
18858,_14,_15,a
18858,_14,_19,a
18858,_15,_16,a
18858,_16,_17,a
18858,_17,_18,a
18858,_17,_24,a
18858,_18,_20,a
18858,_18,_19,a
18858,_20,_21,a
18858,_20,_22,a
18858,_20,_23,a
18858,_24,_25,a
18858,_25,_26,a
18858,_26,_27,a
18858,_26,_31,a
18858,_27,_28,a
18858,_27,_32,a
18858,_28,_29,a
18858,_29,_30,a
18858,_29,_36,a
18858,_30,_31,a
18858,_32,_33,a
18858,_32,_34,a
18858,_32,_35,a
18858,_36,_37,a
18858,_37,_38,a
18858,_38,_39,a
18858,_38,_43,a
18858,_39,_40,a
18858,_39,_48,a
18858,_40,_41,a
18858,_41,_42,a
18858,_41,_47,a
18858,_42,_43,a
18858,_43,_44,a
18858,_44,_45,a
18858,_44,_46,a
24617,_1,_2,a
24617,_1,_6,a
24617,_2,_3,a
24617,_2,_25,a
24617,_3,_4,a
24617,_4,_5,a
24617,_5,_29,a
24617,_5,_6,a
24617,_7,_8,a
24617,_7,_12,a
24617,_7,_32,a
24617,_8,_9,a
24617,_8,_30,a
24617,_9,_10,a
24617,_10,_11,a
24617,_11,_12,a
24617,_13,_14,a
24617,_13,_18,a
24617,_14,_15,a
24617,_15,_16,a
24617,_15,_34,a
24617,_16,_17,a
24617,_16,_33,a
24617,_17,_18,a
24617,_19,_20,a
24617,_19,_24,a
24617,_19,_37,a
24617,_20,_21,a
24617,_21,_22,a
24617,_22,_23,a
24617,_22,_35,a
24617,_23,_24,a
24617,_25,_26,a
24617,_25,_27,a
24617,_25,_28,a
24617,_29,_30,a
24617,_30,_31,a
24617,_32,_33,a
24617,_34,_36,a
24617,_34,_35,a
24617,_37,_38,a
24617,_37,_39,a
24617,_37,_40,a
1403,_1,_2,i
1403,_1,_3,i
1403,_2,_4,i
1403,_2,_5,i
1403,_2,_6,i
1403,_3,_7,i
1403,_3,_8,i
1403,_7,_9,i
1403,_8,_10,i
1403,_9,_11,i
1403,_11,_12,i
1403,_10,_11,i
560,_1,_2,i
36651,_2,_4,i
36651,_1,_5,i
36651,_3,_6,i
36651,_1,_7,i
36651,_6,_8,i
36651,_4,_9,i
36651,_4,_5,i
36651,_5,_6,i
36651,_7,_8,i
31081,_1,_2,i
31081,_2,_3,i
31081,_3,_4,i
31081,_4,_5,i
31081,_1,_6,i
31081,_2,_7,i
31081,_2,_8,i
31081,_3,_9,i
31081,_3,_10,i
31081,_5,_6,i
31081,_5,_7,i
23510,_1,_2,i
23510,_2,_3,i
23510,_3,_4,i
23510,_4,_5,i
23510,_5,_6,i
23510,_1,_7,i
23510,_5,_8,i
23510,_8,_9,i
23510,_5,_10,i
23510,_6,_7,i
23510,_9,_10,i
39971,_1,_2,i
39971,_2,_3,i
39971,_3,_4,i
39971,_1,_5,i
39971,_2,_6,i
39971,_6,_7,i
39971,_3,_8,i
39971,_1,_9,i
39971,_8,_10,i
39971,_4,_5,i
39971,_7,_8,i
27305,_1,_2,a
27305,_2,_3,a
27305,_3,_4,a
27305,_1,_5,a
27305,_2,_6,a
27305,_5,_7,a
27305,_7,_8,a
27305,_8,_9,a
27305,_9,_10,a
27305,_10,_11,a
27305,_7,_12,a
27305,_9,_13,a
27305,_10,_14,a
27305,_12,_15,a
27305,_3,_16,a
27305,_16,_17,a
27305,_17,_18,a
27305,_19,_20,a
27305,_19,_21,a
27305,_21,_22,a
27305,_22,_23,a
27305,_23,_24,a
27305,_24,_25,a
27305,_25,_26,a
27305,_26,_27,a
27305,_27,_28,a
27305,_28,_29,a
27305,_29,_30,a
27305,_6,_31,a
27305,_30,_32,a
27305,_32,_33,a
27305,_33,_34,a
27305,_4,_5,a
27305,_11,_12,a
27305,_19,_31,a
410,_1,_2,i
410,_1,_3,i
410,_1,_4,i
410,_4,_5,i
410,_4,_6,i
410,_5,_7,i
410,_5,_8,i
410,_6,_9,i
410,_8,_10,i
410,_9,_11,i
410,_9,_10,i
7764,_1,_2,i
7764,_2,_3,i
7764,_2,_4,i
7764,_3,_5,i
7764,_4,_6,i
7764,_5,_7,i
7764,_6,_8,i
7764,_7,_9,i
7764,_5,_6,i
7764,_8,_9,i
16714,_1,_2,i
16714,_2,_3,i
16714,_3,_4,i
16714,_1,_5,i
16714,_1,_6,i
16714,_2,_7,i
16714,_7,_8,i
16714,_3,_9,i
16714,_4,_10,i
16714,_10,_11,i
16714,_4,_12,i
16714,_4,_5,i
16714,_8,_9,i
26552,_1,_2,a
26552,_2,_3,a
26552,_3,_4,a
26552,_1,_5,a
26552,_2,_6,a
26552,_6,_7,a
26552,_3,_8,a
26552,_8,_9,a
26552,_9,_10,a
26552,_11,_12,a
26552,_12,_13,a
26552,_13,_14,a
26552,_5,_15,a
26552,_11,_16,a
26552,_14,_17,a
26552,_12,_18,a
26552,_11,_19,a
26552,_11,_20,a
26552,_16,_21,a
26552,_21,_22,a
26552,_22,_23,a
26552,_23,_24,a
26552,_24,_25,a
26552,_25,_26,a
26552,_26,_27,a
26552,_27,_28,a
26552,_28,_29,a
26552,_4,_5,a
26552,_14,_15,a
26552,_15,_16,a
1530,_1,_2,i
1530,_1,_3,i
1530,_2,_4,i
1530,_3,_5,i
1530,_3,_6,i
1530,_5,_7,i
1530,_6,_8,i
1530,_7,_9,i
1530,_7,_10,i
1530,_10,_11,i
1530,_8,_10,i
12556,_1,_2,a
12556,_2,_3,a
12556,_3,_4,a
12556,_4,_5,a
12556,_1,_6,a
12556,_5,_7,a
12556,_7,_8,a
12556,_4,_9,a
12556,_9,_10,a
12556,_10,_11,a
12556,_8,_12,a
12556,_13,_14,a
12556,_13,_15,a
12556,_14,_16,a
12556,_16,_17,a
12556,_17,_18,a
12556,_10,_19,a
12556,_18,_20,a
12556,_5,_6,a
12556,_8,_9,a
12556,_11,_12,a
12556,_18,_19,a
12556,_13,_19,a
10908,_1,_2,i
10908,_2,_3,i
10908,_3,_4,i
10908,_4,_5,i
10908,_1,_6,i
10908,_6,_7,i
10908,_4,_8,i
10908,_3,_9,i
10908,_2,_10,i
10908,_5,_6,i
35,_1,_2,i
35,_2,_3,i
35,_2,_4,i
35,_3,_5,i
35,_3,_6,i
35,_4,_7,i
35,_5,_8,i
35,_5,_9,i
35,_6,_10,i
35,_7,_11,i
35,_7,_8,i
35,_9,_10,i
19083,_1,_2,i
19083,_2,_3,i
19083,_3,_4,i
19083,_4,_5,i
19083,_1,_6,i
19083,_4,_7,i
19083,_7,_8,i
19083,_8,_9,i
19083,_5,_10,i
19083,_8,_11,i
19083,_9,_12,i
19083,_5,_6,i
19083,_9,_10,i
13419,_1,_2,i
13419,_2,_3,i
13419,_3,_4,i
13419,_4,_5,i
13419,_1,_6,i
13419,_6,_7,i
13419,_7,_8,i
13419,_5,_9,i
13419,_1,_10,i
13419,_3,_11,i
13419,_5,_6,i
13419,_8,_9,i
21821,_1,_2,i
21821,_2,_3,i
21821,_1,_4,i
21821,_4,_5,i
21821,_4,_6,i
21821,_1,_7,i
12389,_1,_2,i
12389,_2,_3,i
12389,_3,_4,i
12389,_4,_5,i
12389,_4,_6,i
12389,_3,_7,i
12389,_7,_8,i
12389,_8,_9,i
12389,_9,_10,i
12389,_1,_11,i
12389,_4,_7,i
12389,_10,_11,i
26284,_1,_2,a
26284,_2,_3,a
26284,_3,_4,a
26284,_4,_5,a
26284,_5,_6,a
26284,_3,_7,a
26284,_7,_8,a
26284,_1,_9,a
26284,_8,_10,a
26284,_10,_11,a
26284,_10,_12,a
26284,_10,_13,a
26284,_4,_14,a
26284,_14,_15,a
26284,_6,_16,a
26284,_6,_17,a
26284,_17,_18,a
26284,_18,_19,a
26284,_18,_20,a
26284,_20,_21,a
26284,_21,_22,a
26284,_22,_23,a
26284,_20,_24,a
26284,_22,_25,a
26284,_25,_26,a
26284,_26,_27,a
26284,_26,_28,a
26284,_28,_29,a
26284,_29,_30,a
26284,_30,_31,a
26284,_28,_32,a
26284,_30,_33,a
26284,_34,_35,a
26284,_35,_36,a
26284,_36,_37,a
26284,_37,_38,a
26284,_38,_39,a
26284,_36,_40,a
26284,_40,_41,a
26284,_34,_42,a
26284,_41,_43,a
26284,_43,_44,a
26284,_43,_45,a
26284,_43,_46,a
26284,_37,_47,a
26284,_47,_48,a
26284,_39,_49,a
26284,_39,_50,a
26284,_50,_51,a
26284,_51,_52,a
26284,_51,_53,a
26284,_53,_54,a
26284,_54,_55,a
26284,_55,_56,a
26284,_53,_57,a
26284,_55,_58,a
26284,_58,_59,a
26284,_59,_60,a
26284,_59,_61,a
26284,_61,_62,a
26284,_62,_63,a
26284,_63,_64,a
26284,_61,_65,a
26284,_63,_66,a
26284,_33,_67,a
26284,_67,_68,a
26284,_24,_69,a
26284,_32,_70,a
26284,_65,_71,a
26284,_57,_72,a
26284,_14,_73,a
26284,_47,_74,a
26284,_14,_75,a
26284,_47,_76,a
26284,_8,_9,a
26284,_7,_16,a
26284,_23,_24,a
26284,_31,_32,a
26284,_41,_42,a
26284,_40,_49,a
26284,_56,_57,a
26284,_64,_65,a
26284,_66,_67,a
23980,_1,_2,i
23980,_2,_3,i
23980,_3,_4,i
23980,_1,_5,i
23980,_1,_6,i
23980,_6,_7,i
23980,_5,_8,i
23980,_4,_9,i
23980,_9,_10,i
23980,_3,_11,i
23980,_10,_12,i
23980,_4,_5,i
23980,_10,_11,i
25956,_1,_2,i
25956,_1,_6,i
25956,_1,_8,i
25956,_2,_3,i
25956,_3,_4,i
25956,_3,_7,i
25956,_4,_5,i
25956,_5,_6,i
645,_1,_2,i
645,_1,_3,i
645,_1,_4,i
645,_2,_5,i
645,_2,_6,i
645,_3,_7,i
645,_3,_8,i
645,_5,_9,i
645,_7,_10,i
645,_9,_11,i
12537,_1,_2,i
12537,_2,_3,i
12537,_1,_4,i
12537,_4,_5,i
12537,_3,_6,i
12537,_1,_7,i
12537,_7,_8,i
12537,_3,_9,i
12537,_8,_10,i
12537,_5,_6,i
12537,_8,_9,i
6287,_1,_2,i
6287,_1,_3,i
6287,_3,_4,i
6287,_3,_5,i
6287,_4,_6,i
6287,_5,_7,i
6287,_6,_7,i
35016,_1,_2,a
35016,_1,_6,a
35016,_2,_3,a
35016,_3,_4,a
35016,_4,_5,a
35016,_5,_7,a
35016,_5,_6,a
35016,_6,_18,a
35016,_7,_8,a
35016,_7,_10,a
35016,_9,_11,a
35016,_9,_12,a
35016,_9,_10,a
35016,_11,_15,a
35016,_11,_17,a
35016,_12,_13,a
35016,_12,_14,a
35016,_15,_16,a
1764,_1,_2,i
1764,_1,_3,i
1764,_2,_4,i
1764,_3,_5,i
1764,_4,_6,i
1764,_5,_7,i
1764,_5,_8,i
1764,_6,_9,i
1764,_6,_10,i
20077,_1,_2,a
20077,_2,_3,a
20077,_3,_4,a
20077,_1,_5,a
20077,_4,_6,a
20077,_6,_7,a
20077,_6,_8,a
20077,_8,_9,a
20077,_9,_10,a
20077,_10,_11,a
20077,_11,_12,a
20077,_12,_13,a
20077,_9,_14,a
20077,_12,_15,a
20077,_3,_18,a
20077,_17,_19,a
20077,_17,_20,a
20077,_16,_21,a
20077,_11,_22,a
20077,_4,_5,a
20077,_13,_14,a
20077,_17,_21,a
20077,_16,_22,a
28368,_1,_5,i
28368,_5,_7,i
28368,_7,_8,i
28368,_8,_9,i
28368,_8,_10,i
28368,_6,_7,i
17964,_1,_2,a
17964,_2,_3,a
17964,_3,_4,a
17964,_4,_5,a
17964,_1,_6,a
17964,_4,_7,a
17964,_7,_8,a
17964,_8,_9,a
17964,_9,_10,a
17964,_9,_11,a
17964,_11,_12,a
17964,_12,_13,a
17964,_13,_14,a
17964,_14,_15,a
17964,_11,_16,a
17964,_12,_17,a
17964,_14,_18,a
17964,_5,_19,a
17964,_5,_6,a
17964,_15,_16,a
23972,_1,_2,a
23972,_2,_3,a
23972,_3,_4,a
23972,_4,_5,a
23972,_1,_6,a
23972,_3,_7,a
23972,_7,_8,a
23972,_8,_9,a
23972,_4,_10,a
23972,_10,_11,a
23972,_11,_12,a
23972,_12,_13,a
23972,_13,_14,a
23972,_13,_15,a
23972,_15,_16,a
23972,_16,_17,a
23972,_17,_18,a
23972,_18,_19,a
23972,_16,_20,a
23972,_20,_21,a
23972,_20,_22,a
23972,_22,_23,a
23972,_23,_24,a
23972,_24,_25,a
23972,_25,_26,a
23972,_25,_27,a
23972,_27,_28,a
23972,_28,_29,a
23972,_29,_30,a
23972,_27,_31,a
23972,_31,_32,a
23972,_32,_33,a
23972,_32,_34,a
23972,_34,_35,a
23972,_35,_36,a
23972,_35,_37,a
23972,_35,_38,a
23972,_39,_40,a
23972,_40,_41,a
23972,_41,_42,a
23972,_42,_43,a
23972,_39,_44,a
23972,_23,_45,a
23972,_24,_46,a
23972,_5,_6,a
23972,_9,_10,a
23972,_30,_31,a
23972,_43,_44,a
23972,_39,_45,a
2250,_1,_2,a
2250,_2,_3,a
2250,_2,_4,a
2250,_3,_5,a
2250,_3,_6,a
2250,_4,_7,a
2250,_4,_8,a
2250,_5,_9,a
2250,_5,_10,a
2250,_6,_11,a
2250,_8,_12,a
2250,_10,_13,a
2250,_12,_14,a
2250,_14,_15,a
2250,_15,_16,a
2250,_15,_17,a
2250,_16,_18,a
2250,_17,_19,a
2250,_18,_20,a
2250,_19,_21,a
2250,_20,_22,a
2250,_21,_23,a
2250,_8,_9,a
2250,_11,_13,a
2250,_18,_19,a
2250,_22,_23,a
4191,_1,_2,i
4191,_2,_3,i
4191,_2,_4,i
4191,_3,_5,i
4191,_3,_6,i
4191,_4,_7,i
4191,_5,_8,i
4191,_6,_9,i
4191,_8,_10,i
4191,_5,_7,i
4191,_9,_10,i
15905,_1,_2,a
15905,_2,_3,a
15905,_3,_4,a
15905,_4,_5,a
15905,_1,_6,a
15905,_4,_7,a
15905,_7,_8,a
15905,_8,_9,a
15905,_9,_10,a
15905,_10,_11,a
15905,_11,_12,a
15905,_8,_13,a
15905,_7,_14,a
15905,_7,_15,a
15905,_5,_6,a
15905,_12,_13,a
11790,_1,_2,i
11790,_2,_3,i
11790,_3,_4,i
11790,_4,_5,i
11790,_1,_6,i
11790,_6,_7,i
11790,_7,_8,i
11790,_8,_9,i
11790,_9,_10,i
11790,_3,_11,i
11790,_5,_6,i
1066,_1,_2,i
1066,_1,_3,i
1066,_1,_4,i
1066,_2,_5,i
1066,_4,_6,i
1066,_5,_7,i
1066,_6,_8,i
1066,_7,_9,i
1066,_2,_3,i
1066,_8,_9,i
27115,_1,_2,a
27115,_2,_3,a
27115,_3,_4,a
27115,_4,_5,a
27115,_1,_6,a
27115,_1,_7,a
27115,_2,_8,a
27115,_4,_9,a
27115,_5,_10,a
27115,_10,_11,a
27115,_11,_12,a
27115,_12,_13,a
27115,_10,_14,a
27115,_13,_15,a
27115,_15,_16,a
27115,_16,_17,a
27115,_12,_18,a
27115,_18,_19,a
27115,_19,_20,a
27115,_20,_21,a
27115,_20,_22,a
27115,_22,_23,a
27115,_23,_24,a
27115,_24,_25,a
27115,_25,_26,a
27115,_26,_27,a
27115,_27,_28,a
27115,_28,_29,a
27115,_29,_30,a
27115,_30,_31,a
27115,_31,_32,a
27115,_32,_33,a
27115,_5,_6,a
27115,_13,_14,a
21839,_1,_2,i
21839,_2,_3,i
21839,_1,_4,i
21839,_1,_5,i
21839,_5,_6,i
21839,_5,_7,i
21839,_4,_8,i
10587,_1,_2,i
10587,_2,_3,i
10587,_3,_4,i
10587,_4,_5,i
10587,_1,_6,i
10587,_1,_7,i
10587,_7,_8,i
10587,_8,_9,i
10587,_9,_10,i
10587,_10,_11,i
10587,_5,_6,i
23405,_2,_3,a
23405,_2,_4,a
23405,_1,_5,a
23405,_1,_6,a
23405,_6,_7,a
23405,_2,_8,a
23405,_5,_9,a
23405,_4,_10,a
23405,_10,_11,a
23405,_11,_12,a
23405,_12,_13,a
23405,_13,_14,a
23405,_10,_15,a
23405,_13,_16,a
23405,_12,_18,a
23405,_16,_19,a
23405,_17,_20,a
23405,_17,_21,a
23405,_21,_22,a
23405,_5,_8,a
23405,_7,_8,a
23405,_14,_15,a
23405,_18,_20,a
18023,_1,_2,i
18023,_2,_3,i
18023,_3,_4,i
18023,_4,_5,i
18023,_1,_6,i
18023,_5,_7,i
18023,_7,_8,i
18023,_8,_9,i
18023,_9,_10,i
18023,_1,_11,i
18023,_5,_6,i
3004,_1,_2,a
3004,_1,_3,a
3004,_2,_4,a
3004,_3,_5,a
3004,_3,_6,a
3004,_4,_7,a
3004,_4,_8,a
3004,_5,_9,a
3004,_5,_10,a
3004,_6,_11,a
3004,_7,_12,a
3004,_8,_13,a
3004,_9,_14,a
3004,_10,_15,a
3004,_11,_16,a
3004,_12,_17,a
3004,_14,_18,a
3004,_14,_19,a
3004,_15,_20,a
3004,_16,_21,a
3004,_16,_22,a
3004,_16,_23,a
3004,_17,_24,a
3004,_20,_25,a
3004,_24,_26,a
3004,_25,_27,a
3004,_26,_28,a
3004,_27,_29,a
3004,_27,_30,a
3004,_28,_31,a
3004,_28,_32,a
3004,_29,_33,a
3004,_29,_34,a
3004,_30,_35,a
3004,_31,_36,a
3004,_32,_37,a
3004,_34,_38,a
3004,_36,_39,a
3004,_38,_40,a
3004,_39,_41,a
3004,_40,_42,a
3004,_41,_43,a
3004,_41,_44,a
3004,_41,_45,a
3004,_42,_46,a
3004,_42,_47,a
3004,_47,_48,a
3004,_47,_49,a
3004,_48,_50,a
3004,_49,_51,a
3004,_50,_52,a
3004,_52,_53,a
3004,_11,_15,a
3004,_13,_17,a
3004,_35,_38,a
3004,_37,_39,a
3004,_51,_52,a
30616,_1,_2,i
30616,_2,_3,i
30616,_3,_4,i
30616,_4,_5,i
30616,_1,_6,i
30616,_6,_7,i
30616,_7,_8,i
30616,_7,_9,i
30616,_7,_10,i
30616,_5,_6,i
14748,_1,_2,i
14748,_2,_3,i
14748,_3,_4,i
14748,_4,_5,i
14748,_2,_6,i
14748,_1,_7,i
14748,_6,_8,i
14748,_5,_9,i
14748,_9,_10,i
14748,_9,_11,i
14748,_8,_12,i
14748,_5,_6,i
14748,_4,_7,i
7217,_1,_2,i
7217,_2,_3,i
7217,_2,_4,i
7217,_3,_5,i
7217,_3,_6,i
7217,_4,_7,i
7217,_6,_8,i
7217,_7,_8,i
15379,_1,_2,i
15379,_2,_3,i
15379,_3,_4,i
15379,_3,_5,i
15379,_1,_6,i
15379,_6,_7,i
15379,_6,_8,i
881,_1,_2,a
881,_1,_3,a
881,_1,_4,a
881,_1,_5,a
881,_6,_7,a
881,_6,_8,a
881,_7,_9,a
881,_8,_10,a
881,_8,_11,a
881,_9,_12,a
881,_9,_13,a
881,_10,_14,a
881,_10,_15,a
881,_11,_16,a
881,_12,_17,a
881,_12,_18,a
881,_13,_19,a
881,_14,_20,a
881,_15,_21,a
881,_17,_22,a
881,_18,_23,a
881,_20,_24,a
881,_20,_25,a
881,_22,_26,a
881,_22,_27,a
881,_16,_21,a
881,_19,_23,a
1982,_1,_2,i
1982,_1,_3,i
1982,_3,_4,i
1982,_3,_5,i
1982,_4,_6,i
1982,_4,_7,i
1982,_5,_8,i
1982,_7,_9,i
1982,_7,_10,i
1982,_10,_11,i
1982,_11,_12,i
1982,_8,_10,i
21697,_1,_2,i
21697,_2,_3,i
21697,_3,_4,i
21697,_4,_5,i
21697,_4,_6,i
21697,_4,_7,i
21697,_6,_8,i
21697,_8,_9,i
21697,_7,_10,i
21697,_10,_11,i
21697,_1,_12,i
3180,_1,_2,i
3180,_1,_3,i
3180,_2,_4,i
3180,_2,_5,i
3180,_3,_6,i
3180,_6,_7,i
28548,_8,_9,a
28548,_9,_10,a
28548,_10,_11,a
28548,_11,_12,a
28548,_12,_13,a
28548,_13,_14,a
28548,_14,_15,a
28548,_15,_16,a
28548,_13,_17,a
28548,_17,_18,a
28548,_18,_19,a
28548,_19,_20,a
28548,_16,_21,a
28548,_21,_22,a
28548,_22,_23,a
28548,_24,_25,a
28548,_2,_26,a
28548,_20,_27,a
28548,_27,_28,a
28548,_28,_29,a
28548,_6,_30,a
28548,_23,_31,a
28548,_30,_32,a
28548,_1,_33,a
28548,_2,_34,a
28548,_34,_35,a
28548,_35,_36,a
28548,_3,_37,a
28548,_4,_38,a
28548,_5,_39,a
28548,_7,_40,a
28548,_7,_41,a
28548,_24,_42,a
28548,_24,_43,a
28548,_4,_44,a
28548,_44,_45,a
28548,_25,_46,a
28548,_27,_47,a
28548,_17,_48,a
28548,_12,_49,a
28548,_8,_50,a
28548,_8,_51,a
28548,_36,_52,a
28548,_52,_53,a
28548,_53,_54,a
28548,_16,_17,a
28548,_20,_21,a
28548,_25,_26,a
28548,_29,_30,a
28548,_27,_31,a
28548,_31,_32,a
28548,_2,_33,a
28548,_3,_34,a
28548,_36,_37,a
28548,_37,_38,a
28548,_39,_40,a
28548,_33,_42,a
28548,_5,_44,a
28548,_6,_44,a
22711,_1,_3,a
22711,_2,_4,a
22711,_4,_5,a
22711,_4,_6,a
22711,_6,_8,a
22711,_8,_9,a
22711,_9,_10,a
22711,_10,_11,a
22711,_7,_12,a
22711,_13,_14,a
22711,_13,_15,a
22711,_11,_16,a
22711,_15,_17,a
22711,_17,_18,a
22711,_17,_19,a
22711,_17,_20,a
22711,_10,_21,a
22711,_13,_22,a
22711,_2,_23,a
22711,_1,_24,a
22711,_3,_25,a
22711,_2,_3,a
22711,_7,_8,a
22711,_11,_12,a
22711,_21,_22,a
22711,_23,_24,a
42414,_1,_2,a
42414,_1,_5,a
42414,_1,_17,a
42414,_2,_3,a
42414,_2,_19,a
42414,_3,_4,a
42414,_3,_18,a
42414,_4,_6,a
42414,_4,_9,a
42414,_5,_8,a
42414,_5,_9,a
42414,_7,_10,a
42414,_7,_22,a
42414,_10,_11,a
42414,_10,_12,a
42414,_10,_13,a
42414,_13,_14,a
42414,_13,_15,a
42414,_13,_16,a
42414,_17,_20,a
42414,_18,_29,a
42414,_19,_23,a
42414,_20,_21,a
42414,_21,_22,a
42414,_23,_24,a
42414,_23,_28,a
42414,_24,_25,a
42414,_25,_26,a
42414,_25,_31,a
42414,_26,_27,a
42414,_27,_30,a
42414,_27,_28,a
1877,_1,_2,i
1877,_2,_3,i
1877,_2,_4,i
1877,_3,_5,i
1877,_3,_6,i
1877,_4,_7,i
1877,_5,_8,i
1877,_5,_9,i
1877,_6,_10,i
1877,_9,_11,i
1877,_7,_8,i
1877,_10,_11,i
2907,_1,_2,i
2907,_2,_3,i
2907,_2,_4,i
2907,_3,_5,i
2907,_3,_6,i
2907,_4,_7,i
2907,_4,_8,i
2907,_6,_9,i
2907,_8,_9,i
14425,_1,_2,i
14425,_2,_3,i
14425,_3,_4,i
14425,_1,_5,i
14425,_5,_6,i
14425,_6,_7,i
14425,_7,_8,i
14425,_8,_9,i
14425,_8,_10,i
14425,_7,_11,i
14425,_4,_12,i
14425,_4,_5,i
14425,_11,_12,i
1317,_1,_2,i
1317,_1,_3,i
1317,_1,_4,i
1317,_2,_5,i
1317,_3,_6,i
1317,_4,_7,i
1317,_4,_8,i
1317,_5,_9,i
1317,_6,_10,i
21086,_1,_2,i
21086,_2,_3,i
21086,_3,_4,i
21086,_1,_5,i
21086,_2,_6,i
21086,_6,_7,i
21086,_6,_8,i
21086,_8,_9,i
21086,_9,_10,i
21086,_10,_11,i
21086,_10,_12,i
21086,_4,_5,i
13467,_1,_2,i
13467,_2,_3,i
13467,_3,_4,i
13467,_4,_5,i
13467,_1,_6,i
13467,_6,_7,i
13467,_5,_8,i
13467,_5,_6,i
11913,_1,_2,i
11913,_2,_3,i
11913,_3,_4,i
11913,_4,_5,i
11913,_1,_6,i
11913,_1,_7,i
11913,_1,_8,i
11913,_4,_9,i
11913,_4,_10,i
11913,_10,_11,i
11913,_6,_12,i
11913,_5,_6,i
11913,_2,_6,i
3777,_1,_2,i
3777,_2,_3,i
3777,_2,_4,i
3777,_2,_5,i
3777,_4,_6,i
3777,_4,_7,i
3777,_5,_8,i
3777,_8,_9,i
3777,_7,_8,i
8657,_1,_2,i
8657,_1,_3,i
8657,_2,_4,i
8657,_2,_5,i
8657,_3,_6,i
8657,_3,_7,i
8657,_4,_8,i
8657,_4,_9,i
8657,_6,_10,i
8657,_7,_11,i
8657,_10,_11,i
20078,_1,_2,a
20078,_2,_3,a
20078,_3,_4,a
20078,_1,_5,a
20078,_4,_6,a
20078,_6,_7,a
20078,_6,_8,a
20078,_8,_9,a
20078,_9,_10,a
20078,_10,_11,a
20078,_11,_12,a
20078,_12,_13,a
20078,_9,_14,a
20078,_12,_15,a
20078,_11,_16,a
20078,_16,_17,a
20078,_16,_18,a
20078,_18,_19,a
20078,_3,_20,a
20078,_19,_21,a
20078,_19,_22,a
20078,_19,_23,a
20078,_4,_5,a
20078,_13,_14,a
30026,_1,_2,i
30026,_2,_3,i
30026,_3,_4,i
30026,_4,_5,i
30026,_1,_6,i
30026,_2,_7,i
30026,_4,_8,i
30026,_6,_9,i
30026,_5,_10,i
30026,_10,_11,i
30026,_5,_6,i
7545,_1,_2,i
7545,_2,_3,i
7545,_2,_4,i
7545,_3,_5,i
7545,_3,_6,i
7545,_4,_7,i
7545,_4,_8,i
7545,_6,_9,i
7545,_9,_10,i
7545,_8,_9,i
8332,_1,_2,i
8332,_1,_3,i
8332,_1,_4,i
8332,_4,_5,i
8332,_4,_6,i
8332,_5,_7,i
8332,_5,_8,i
8332,_6,_9,i
8332,_8,_10,i
8332,_9,_11,i
8332,_9,_10,i
9368,_1,_2,i
9368,_1,_3,i
9368,_1,_4,i
9368,_2,_5,i
9368,_3,_6,i
9368,_5,_7,i
9368,_5,_8,i
9368,_6,_9,i
9368,_7,_10,i
9368,_7,_11,i
34943,_1,_2,i
34943,_2,_3,i
34943,_3,_4,i
34943,_1,_5,i
34943,_2,_6,i
34943,_6,_7,i
34943,_3,_8,i
34943,_1,_9,i
34943,_7,_10,i
34943,_7,_11,i
34943,_4,_5,i
34943,_7,_8,i
10101,_1,_2,i
10101,_2,_3,i
10101,_3,_4,i
10101,_4,_5,i
10101,_1,_6,i
10101,_1,_7,i
10101,_1,_8,i
10101,_5,_6,i
11447,_1,_2,i
11447,_2,_3,i
11447,_3,_4,i
11447,_1,_5,i
11447,_1,_6,i
11447,_6,_7,i
11447,_5,_8,i
11447,_2,_10,i
11447,_7,_11,i
11447,_4,_5,i
11447,_7,_8,i
11447,_9,_10,i
20683,_1,_2,i
20683,_2,_3,i
20683,_3,_4,i
20683,_4,_5,i
20683,_5,_6,i
20683,_6,_7,i
20683,_7,_8,i
20683,_4,_9,i
20683,_8,_10,i
20683,_10,_11,i
20683,_11,_12,i
1173,_1,_2,i
1173,_1,_3,i
1173,_1,_4,i
1173,_5,_6,i
1173,_5,_7,i
1173,_6,_8,i
1173,_7,_9,i
1173,_7,_10,i
1173,_8,_11,i
1173,_8,_12,i
1157,_1,_2,i
1157,_1,_3,i
1157,_1,_4,i
1157,_2,_5,i
1157,_3,_6,i
1157,_5,_7,i
1157,_7,_8,i
1157,_7,_9,i
27997,_1,_2,i
27997,_2,_3,i
27997,_1,_4,i
27997,_4,_5,i
27997,_1,_6,i
27997,_6,_7,i
27997,_7,_8,i
27997,_6,_9,i
27997,_9,_10,i
27997,_9,_11,i
27997,_10,_12,i
1968,_1,_2,i
1968,_2,_3,i
1968,_2,_4,i
1968,_3,_5,i
1968,_3,_6,i
1968,_4,_7,i
1968,_5,_8,i
1968,_5,_9,i
1968,_6,_10,i
1968,_7,_8,i
1968,_9,_10,i
1372,_1,_2,i
1372,_1,_3,i
1372,_1,_4,i
1372,_1,_5,i
1372,_2,_6,i
16586,_1,_2,i
16586,_2,_3,i
16586,_3,_4,i
16586,_4,_5,i
16586,_5,_6,i
16586,_5,_7,i
16586,_7,_8,i
16586,_7,_9,i
16586,_7,_10,i
691,_1,_2,i
691,_1,_3,i
691,_3,_4,i
691,_3,_5,i
691,_4,_6,i
691,_4,_7,i
691,_5,_8,i
691,_7,_9,i
691,_8,_10,i
691,_9,_11,i
691,_10,_11,i
272,_1,_2,a
272,_1,_3,a
272,_1,_4,a
272,_1,_5,a
272,_5,_6,a
272,_5,_7,a
272,_6,_8,a
272,_6,_9,a
272,_7,_10,a
272,_8,_11,a
272,_8,_12,a
272,_9,_13,a
272,_10,_14,a
272,_11,_15,a
272,_12,_16,a
272,_14,_17,a
272,_17,_18,a
272,_18,_19,a
272,_18,_20,a
272,_19,_21,a
272,_19,_22,a
272,_20,_23,a
272,_22,_24,a
272,_24,_25,a
272,_25,_26,a
272,_25,_27,a
272,_26,_28,a
272,_27,_29,a
272,_28,_30,a
272,_28,_31,a
272,_31,_32,a
272,_32,_33,a
272,_33,_34,a
272,_34,_35,a
272,_34,_36,a
272,_35,_37,a
272,_35,_38,a
272,_36,_39,a
272,_38,_40,a
272,_38,_41,a
272,_39,_42,a
272,_40,_43,a
272,_41,_44,a
272,_42,_45,a
272,_42,_46,a
272,_42,_47,a
272,_43,_48,a
272,_10,_11,a
272,_13,_16,a
272,_23,_24,a
272,_29,_31,a
272,_39,_40,a
272,_44,_48,a
188,_1,_2,i
188,_1,_3,i
188,_1,_4,i
188,_1,_5,i
188,_5,_6,i
188,_5,_7,i
188,_6,_8,i
188,_7,_9,i
188,_8,_10,i
188,_8,_11,i
188,_9,_12,i
188,_9,_11,i
6217,_1,_2,i
6217,_1,_3,i
6217,_1,_4,i
6217,_2,_5,i
6217,_3,_6,i
6217,_5,_7,i
6217,_7,_8,i
6217,_7,_9,i
22606,_2,_3,a
22606,_2,_7,a
22606,_2,_8,a
22606,_3,_4,a
22606,_4,_5,a
22606,_5,_6,a
22606,_6,_7,a
22606,_7,_11,a
22606,_8,_9,a
22606,_8,_23,a
22606,_9,_10,a
22606,_10,_72,a
22606,_10,_11,a
22606,_11,_19,a
22606,_12,_13,a
22606,_12,_17,a
22606,_13,_14,a
22606,_13,_20,a
22606,_14,_15,a
22606,_14,_78,a
22606,_15,_16,a
22606,_16,_17,a
22606,_17,_18,a
22606,_18,_44,a
22606,_20,_21,a
22606,_20,_22,a
22606,_20,_27,a
22606,_23,_24,a
22606,_23,_25,a
22606,_23,_26,a
22606,_28,_29,a
22606,_28,_33,a
22606,_28,_34,a
22606,_29,_30,a
22606,_30,_31,a
22606,_31,_32,a
22606,_32,_33,a
22606,_33,_37,a
22606,_34,_35,a
22606,_34,_49,a
22606,_35,_36,a
22606,_36,_60,a
22606,_36,_37,a
22606,_37,_45,a
22606,_38,_39,a
22606,_38,_43,a
22606,_39,_40,a
22606,_39,_46,a
22606,_40,_41,a
22606,_40,_80,a
22606,_41,_42,a
22606,_42,_43,a
22606,_43,_44,a
22606,_46,_47,a
22606,_46,_48,a
22606,_46,_53,a
22606,_49,_50,a
22606,_49,_51,a
22606,_49,_52,a
22606,_54,_55,a
22606,_54,_59,a
22606,_55,_56,a
22606,_55,_62,a
22606,_56,_57,a
22606,_56,_81,a
22606,_57,_58,a
22606,_58,_59,a
22606,_59,_61,a
22606,_60,_61,a
22606,_62,_63,a
22606,_62,_64,a
22606,_62,_65,a
22606,_66,_67,a
22606,_66,_71,a
22606,_67,_68,a
22606,_67,_74,a
22606,_68,_69,a
22606,_68,_79,a
22606,_69,_70,a
22606,_70,_71,a
22606,_71,_73,a
22606,_72,_73,a
22606,_74,_75,a
22606,_74,_76,a
22606,_74,_77,a
22606,_78,_79,a
22606,_80,_81,a
2746,_1,_2,i
2746,_2,_3,i
2746,_2,_4,i
2746,_2,_5,i
2746,_4,_6,i
2746,_5,_7,i
2746,_6,_8,i
2746,_6,_7,i
1018,_1,_2,i
1018,_3,_4,i
1018,_3,_5,i
1018,_5,_6,i
1018,_5,_7,i
1018,_6,_8,i
1018,_6,_9,i
1018,_7,_10,i
1018,_9,_10,i
22181,_1,_2,a
22181,_1,_3,a
22181,_1,_33,a
22181,_2,_6,a
22181,_3,_4,a
22181,_4,_5,a
22181,_5,_7,a
22181,_5,_6,a
22181,_6,_53,a
22181,_7,_8,a
22181,_8,_9,a
22181,_9,_10,a
22181,_9,_11,a
22181,_10,_18,a
22181,_11,_12,a
22181,_11,_16,a
22181,_12,_13,a
22181,_12,_14,a
22181,_12,_15,a
22181,_16,_17,a
22181,_17,_31,a
22181,_17,_18,a
22181,_19,_20,a
22181,_19,_24,a
22181,_19,_32,a
22181,_20,_21,a
22181,_20,_30,a
22181,_21,_22,a
22181,_21,_25,a
22181,_22,_23,a
22181,_22,_28,a
22181,_23,_24,a
22181,_25,_26,a
22181,_26,_27,a
22181,_26,_48,a
22181,_27,_28,a
22181,_28,_29,a
22181,_31,_32,a
22181,_33,_34,a
22181,_34,_35,a
22181,_35,_36,a
22181,_35,_45,a
22181,_36,_37,a
22181,_36,_38,a
22181,_38,_39,a
22181,_38,_43,a
22181,_39,_40,a
22181,_40,_41,a
22181,_40,_47,a
22181,_41,_42,a
22181,_42,_46,a
22181,_42,_43,a
22181,_43,_44,a
22181,_44,_45,a
22181,_47,_51,a
22181,_47,_52,a
22181,_48,_49,a
22181,_48,_50,a
22181,_53,_54,a
22181,_53,_55,a
22181,_53,_56,a
31110,_1,_2,i
31110,_2,_3,i
31110,_3,_4,i
31110,_4,_5,i
31110,_5,_6,i
31110,_1,_7,i
31110,_2,_8,i
31110,_7,_9,i
31110,_6,_7,i
31110,_5,_8,i
2316,_1,_2,i
2316,_2,_3,i
2316,_2,_4,i
2316,_3,_5,i
2316,_4,_6,i
2316,_5,_7,i
2316,_6,_8,i
2316,_7,_9,i
2316,_8,_10,i
2316,_10,_11,i
2316,_5,_6,i
2316,_9,_10,i
8961,_1,_2,i
8961,_1,_3,i
8961,_2,_4,i
8961,_3,_5,i
8961,_3,_6,i
8961,_5,_7,i
8961,_5,_8,i
8961,_6,_9,i
8961,_8,_9,i
13323,_1,_2,i
13323,_2,_3,i
13323,_3,_4,i
13323,_4,_5,i
13323,_4,_6,i
13323,_6,_7,i
13323,_7,_8,i
13323,_8,_9,i
13323,_8,_10,i
13323,_2,_11,i
13323,_7,_11,i
8950,_1,_2,i
8950,_1,_3,i
8950,_3,_4,i
8950,_3,_5,i
8950,_3,_6,i
8950,_5,_7,i
8950,_6,_8,i
8950,_7,_9,i
8950,_9,_10,i
8950,_8,_9,i
42279,_1,_2,i
42279,_1,_5,i
42279,_2,_9,i
42279,_2,_10,i
42279,_3,_4,i
42279,_3,_10,i
42279,_4,_6,i
42279,_4,_5,i
42279,_6,_7,i
42279,_6,_8,i
42279,_10,_11,i
20453,_1,_2,i
20453,_1,_3,i
20453,_2,_4,i
20453,_2,_5,i
20453,_5,_6,i
20453,_3,_7,i
20453,_1,_8,i
20453,_4,_9,i
20453,_2,_3,i
20453,_6,_7,i
20453,_8,_9,i
20697,_1,_2,i
20697,_2,_3,i
20697,_3,_4,i
20697,_4,_5,i
20697,_5,_6,i
20697,_6,_7,i
20697,_7,_8,i
20697,_4,_9,i
20697,_5,_10,i
20697,_8,_9,i
19439,_1,_2,i
19439,_2,_3,i
19439,_3,_4,i
19439,_1,_5,i
19439,_4,_6,i
19439,_6,_7,i
19439,_6,_8,i
19439,_8,_9,i
19439,_1,_10,i
19439,_1,_11,i
19439,_4,_5,i
16592,_1,_2,i
16592,_2,_3,i
16592,_2,_4,i
16592,_2,_5,i
16592,_1,_6,i
16592,_6,_7,i
16592,_7,_8,i
16592,_8,_9,i
16592,_9,_10,i
16592,_10,_11,i
28429,_1,_2,i
28429,_2,_3,i
28429,_2,_4,i
28429,_4,_5,i
28429,_5,_6,i
28429,_6,_7,i
28429,_5,_8,i
28429,_8,_9,i
28429,_9,_10,i
28429,_9,_11,i
2950,_1,_2,a
2950,_1,_3,a
2950,_2,_4,a
2950,_3,_5,a
2950,_3,_6,a
2950,_4,_7,a
2950,_4,_8,a
2950,_5,_9,a
2950,_5,_10,a
2950,_6,_11,a
2950,_7,_12,a
2950,_8,_13,a
2950,_9,_14,a
2950,_10,_15,a
2950,_11,_16,a
2950,_12,_17,a
2950,_14,_18,a
2950,_14,_19,a
2950,_15,_20,a
2950,_16,_21,a
2950,_16,_22,a
2950,_16,_23,a
2950,_17,_24,a
2950,_20,_25,a
2950,_24,_26,a
2950,_24,_27,a
2950,_24,_28,a
2950,_25,_29,a
2950,_29,_30,a
2950,_29,_31,a
2950,_30,_32,a
2950,_31,_33,a
2950,_31,_34,a
2950,_32,_35,a
2950,_32,_36,a
2950,_35,_37,a
2950,_36,_38,a
2950,_38,_39,a
2950,_39,_40,a
2950,_40,_41,a
2950,_40,_42,a
2950,_41,_43,a
2950,_41,_44,a
2950,_42,_45,a
2950,_44,_46,a
2950,_46,_47,a
2950,_47,_48,a
2950,_48,_49,a
2950,_48,_50,a
2950,_50,_51,a
2950,_50,_52,a
2950,_51,_53,a
2950,_52,_54,a
2950,_53,_55,a
2950,_55,_56,a
2950,_11,_15,a
2950,_13,_17,a
2950,_34,_36,a
2950,_45,_46,a
2950,_54,_55,a
31640,_1,_2,a
31640,_2,_3,a
31640,_3,_4,a
31640,_4,_5,a
31640,_1,_6,a
31640,_7,_8,a
31640,_8,_9,a
31640,_9,_10,a
31640,_10,_11,a
31640,_7,_12,a
31640,_4,_13,a
31640,_13,_14,a
31640,_13,_15,a
31640,_5,_16,a
31640,_16,_17,a
31640,_8,_18,a
31640,_18,_19,a
31640,_18,_20,a
31640,_1,_21,a
31640,_5,_6,a
31640,_11,_12,a
31640,_7,_13,a
38257,_1,_3,i
38257,_1,_4,i
38257,_2,_5,i
38257,_3,_6,i
38257,_4,_7,i
38257,_7,_8,i
38257,_2,_9,i
38257,_1,_10,i
38257,_4,_11,i
38257,_2,_3,i
38257,_4,_6,i
38257,_5,_6,i
38257,_2,_10,i
38257,_5,_11,i
38257,_10,_11,i
27470,_1,_2,i
27470,_1,_10,i
27470,_2,_3,i
27470,_3,_4,i
27470,_4,_5,i
27470,_4,_9,i
27470,_5,_6,i
27470,_5,_11,i
27470,_6,_7,i
27470,_7,_8,i
27470,_7,_12,i
27470,_8,_9,i
27470,_9,_10,i
25955,_1,_2,i
25955,_1,_6,i
25955,_2,_3,i
25955,_2,_9,i
25955,_3,_4,i
25955,_3,_7,i
25955,_4,_10,i
25955,_5,_11,i
25955,_5,_6,i
25955,_5,_10,i
25955,_6,_7,i
25955,_7,_8,i
25955,_7,_12,i
23036,_1,_2,i
23036,_2,_3,i
23036,_3,_4,i
23036,_4,_5,i
23036,_1,_6,i
23036,_6,_7,i
23036,_7,_8,i
23036,_8,_9,i
23036,_5,_10,i
23036,_9,_11,i
23036,_10,_12,i
23036,_5,_6,i
23036,_9,_10,i
38970,_1,_2,i
38970,_2,_3,i
38970,_3,_4,i
38970,_3,_5,i
38970,_5,_6,i
38970,_6,_7,i
38970,_4,_8,i
38970,_1,_9,i
38970,_5,_11,i
38970,_7,_8,i
38970,_4,_9,i
38970,_10,_11,i
42269,_1,_2,a
42269,_1,_4,a
42269,_1,_19,a
42269,_2,_6,a
42269,_3,_4,a
42269,_3,_6,a
42269,_4,_16,a
42269,_5,_7,a
42269,_5,_8,a
42269,_5,_15,a
42269,_5,_6,a
42269,_9,_10,a
42269,_9,_14,a
42269,_10,_11,a
42269,_10,_15,a
42269,_11,_12,a
42269,_12,_13,a
42269,_12,_20,a
42269,_13,_14,a
42269,_16,_17,a
42269,_17,_18,a
42269,_18,_19,a
29790,_1,_2,i
29790,_2,_3,i
29790,_3,_4,i
29790,_4,_5,i
29790,_5,_6,i
29790,_2,_7,i
29790,_4,_8,i
29790,_6,_9,i
29790,_1,_10,i
29790,_6,_7,i
7514,_1,_2,i
7514,_1,_3,i
7514,_2,_4,i
7514,_3,_5,i
7514,_4,_6,i
7514,_4,_7,i
7514,_5,_8,i
7514,_6,_9,i
7514,_8,_10,i
7514,_10,_11,i
413,_1,_2,i
413,_1,_3,i
413,_2,_4,i
413,_2,_5,i
413,_2,_6,i
413,_3,_7,i
413,_3,_8,i
413,_3,_9,i
10966,_1,_2,i
10966,_1,_3,i
10966,_3,_4,i
10966,_4,_5,i
10966,_5,_6,i
10966,_6,_7,i
10966,_7,_8,i
10966,_8,_9,i
10966,_9,_10,i
10966,_10,_11,i
10966,_7,_12,i
10966,_11,_12,i
22352,_1,_2,i
22352,_2,_3,i
22352,_3,_4,i
22352,_1,_5,i
22352,_5,_6,i
22352,_6,_7,i
22352,_7,_8,i
22352,_4,_9,i
22352,_7,_10,i
22352,_10,_11,i
22352,_6,_12,i
22352,_4,_5,i
22352,_8,_9,i
34223,_1,_2,i
34223,_2,_3,i
34223,_3,_4,i
34223,_4,_5,i
34223,_1,_6,i
34223,_5,_7,i
34223,_7,_8,i
34223,_6,_9,i
34223,_5,_6,i
1150,_1,_2,i
1150,_1,_3,i
1150,_2,_4,i
1150,_2,_5,i
1150,_3,_6,i
1150,_3,_7,i
1150,_4,_8,i
1150,_4,_9,i
1150,_4,_10,i
1150,_6,_11,i
1150,_11,_12,i
5501,_1,_2,i
5501,_2,_3,i
5501,_2,_4,i
5501,_3,_5,i
5501,_3,_6,i
5501,_4,_7,i
5501,_5,_8,i
5501,_6,_9,i
5501,_8,_10,i
5501,_5,_7,i
5501,_9,_10,i
13748,_1,_2,i
13748,_1,_3,i
13748,_3,_4,i
13748,_4,_5,i
13748,_2,_6,i
13748,_1,_7,i
13748,_5,_8,i
13748,_4,_9,i
13748,_7,_10,i
13748,_5,_6,i
10830,_1,_2,a
10830,_2,_3,a
10830,_3,_4,a
10830,_1,_5,a
10830,_3,_6,a
10830,_6,_7,a
10830,_7,_8,a
10830,_7,_9,a
10830,_9,_10,a
10830,_10,_11,a
10830,_11,_12,a
10830,_12,_13,a
10830,_12,_14,a
10830,_14,_15,a
10830,_15,_16,a
10830,_16,_17,a
10830,_17,_18,a
10830,_14,_19,a
10830,_10,_20,a
10830,_6,_21,a
10830,_1,_22,a
10830,_22,_23,a
10830,_4,_5,a
10830,_18,_19,a
10830,_20,_21,a
14950,_2,_3,i
14950,_3,_4,i
14950,_3,_5,i
14950,_3,_6,i
14950,_8,_9,i
14950,_8,_10,i
14950,_8,_11,i
14950,_8,_12,i
6174,_1,_2,i
6174,_2,_3,i
6174,_2,_4,i
6174,_3,_5,i
6174,_3,_6,i
6174,_5,_7,i
6174,_6,_8,i
6174,_6,_9,i
6174,_7,_10,i
6174,_10,_11,i
6174,_4,_5,i
6174,_9,_10,i
4512,_1,_2,i
4512,_1,_3,i
4512,_1,_4,i
4512,_2,_5,i
4512,_2,_6,i
4512,_3,_7,i
4512,_4,_8,i
4512,_6,_7,i
4512,_5,_8,i
6733,_1,_2,i
6733,_1,_3,i
6733,_1,_4,i
6733,_2,_5,i
6733,_2,_6,i
6733,_2,_7,i
6733,_3,_8,i
6733,_3,_9,i
36034,_1,_2,a
36034,_2,_3,a
36034,_3,_4,a
36034,_1,_5,a
36034,_5,_7,a
36034,_7,_8,a
36034,_8,_9,a
36034,_9,_10,a
36034,_6,_11,a
36034,_10,_12,a
36034,_6,_13,a
36034,_9,_14,a
36034,_2,_15,a
36034,_15,_17,a
36034,_16,_18,a
36034,_19,_20,a
36034,_20,_21,a
36034,_20,_22,a
36034,_22,_23,a
36034,_16,_24,a
36034,_16,_25,a
36034,_19,_26,a
36034,_26,_28,a
36034,_28,_29,a
36034,_29,_30,a
36034,_30,_31,a
36034,_31,_32,a
36034,_28,_33,a
36034,_4,_5,a
36034,_6,_7,a
36034,_10,_13,a
36034,_16,_17,a
36034,_19,_25,a
36034,_32,_33,a
2697,_1,_2,a
2697,_1,_3,a
2697,_2,_4,a
2697,_2,_5,a
2697,_3,_6,a
2697,_3,_7,a
2697,_5,_8,a
2697,_5,_9,a
2697,_6,_10,a
2697,_7,_11,a
2697,_8,_12,a
2697,_9,_13,a
2697,_10,_14,a
2697,_12,_15,a
2697,_14,_16,a
2697,_15,_17,a
2697,_16,_18,a
2697,_16,_19,a
2697,_17,_20,a
2697,_18,_21,a
2697,_19,_22,a
2697,_20,_23,a
2697,_23,_24,a
2697,_23,_25,a
2697,_24,_26,a
2697,_26,_27,a
2697,_26,_28,a
2697,_27,_29,a
2697,_28,_30,a
2697,_29,_31,a
2697,_31,_32,a
2697,_32,_33,a
2697,_32,_34,a
2697,_33,_35,a
2697,_34,_36,a
2697,_11,_14,a
2697,_13,_15,a
2697,_21,_22,a
2697,_30,_31,a
2697,_35,_36,a
11396,_1,_2,i
11396,_2,_3,i
11396,_2,_4,i
11396,_3,_5,i
11396,_5,_6,i
11396,_5,_7,i
11396,_4,_8,i
11396,_8,_9,i
11396,_8,_10,i
11396,_3,_4,i
13270,_1,_2,i
13270,_1,_3,i
13270,_4,_5,i
13270,_5,_6,i
13270,_5,_7,i
13270,_7,_8,i
13270,_7,_9,i
13270,_7,_10,i
4511,_1,_2,i
4511,_1,_3,i
4511,_2,_4,i
4511,_2,_5,i
4511,_3,_6,i
4511,_4,_7,i
4511,_6,_8,i
4511,_6,_9,i
4511,_6,_10,i
27137,_1,_2,i
27137,_1,_3,i
27137,_1,_4,i
27137,_1,_5,i
27137,_5,_6,i
27137,_2,_7,i
27137,_4,_8,i
27137,_7,_9,i
27137,_7,_10,i
27137,_7,_11,i
27137,_2,_12,i
2419,_1,_2,i
2419,_1,_3,i
2419,_1,_4,i
2419,_2,_5,i
2419,_2,_6,i
2419,_3,_7,i
2419,_4,_8,i
2419,_6,_9,i
2419,_8,_10,i
2419,_5,_7,i
2419,_9,_10,i
29736,_2,_3,i
29736,_2,_4,i
29736,_5,_7,i
29736,_7,_8,i
29736,_7,_9,i
29736,_1,_11,i
29736,_2,_11,i
29736,_7,_11,i
35343,_1,_2,i
35343,_2,_3,i
35343,_1,_4,i
35343,_3,_5,i
35343,_4,_6,i
35343,_1,_7,i
35343,_2,_8,i
35343,_8,_9,i
35343,_4,_5,i
3441,_1,_2,i
3441,_1,_3,i
3441,_1,_4,i
3441,_2,_5,i
3441,_2,_6,i
3441,_3,_7,i
3441,_3,_8,i
1558,_1,_2,a
1558,_2,_3,a
1558,_2,_4,a
1558,_3,_5,a
1558,_3,_6,a
1558,_4,_7,a
1558,_4,_8,a
1558,_5,_9,a
1558,_5,_10,a
1558,_6,_11,a
1558,_7,_12,a
1558,_8,_13,a
1558,_10,_14,a
1558,_12,_15,a
1558,_13,_16,a
1558,_13,_17,a
1558,_13,_18,a
1558,_14,_19,a
1558,_15,_20,a
1558,_15,_21,a
1558,_19,_22,a
1558,_20,_23,a
1558,_20,_24,a
1558,_21,_25,a
1558,_21,_26,a
1558,_22,_27,a
1558,_22,_28,a
1558,_23,_29,a
1558,_23,_30,a
1558,_24,_31,a
1558,_27,_32,a
1558,_29,_33,a
1558,_32,_34,a
1558,_32,_35,a
1558,_33,_36,a
1558,_34,_37,a
1558,_35,_38,a
1558,_36,_39,a
1558,_36,_40,a
1558,_36,_41,a
1558,_37,_42,a
1558,_37,_43,a
1558,_42,_44,a
1558,_43,_45,a
1558,_44,_46,a
1558,_44,_47,a
1558,_45,_48,a
1558,_47,_49,a
1558,_48,_50,a
1558,_48,_51,a
1558,_48,_52,a
1558,_49,_53,a
1558,_53,_54,a
1558,_54,_55,a
1558,_54,_56,a
1558,_55,_57,a
1558,_55,_58,a
1558,_56,_59,a
1558,_57,_60,a
1558,_58,_61,a
1558,_8,_9,a
1558,_11,_14,a
1558,_26,_30,a
1558,_31,_33,a
1558,_38,_42,a
1558,_45,_47,a
1558,_59,_61,a
29437,_1,_2,i
29437,_2,_3,i
29437,_3,_4,i
29437,_2,_5,i
29437,_4,_6,i
29437,_1,_7,i
29437,_1,_8,i
29437,_3,_9,i
29437,_9,_10,i
29437,_9,_11,i
29437,_5,_6,i
29437,_6,_7,i
29437,_4,_7,i
380,_1,_2,i
380,_1,_3,i
380,_2,_4,i
380,_3,_5,i
380,_3,_6,i
380,_5,_7,i
380,_5,_8,i
380,_6,_9,i
380,_8,_10,i
380,_9,_10,i
21371,_1,_2,i
21371,_2,_3,i
21371,_3,_4,i
21371,_4,_5,i
21371,_1,_6,i
21371,_3,_7,i
21371,_7,_8,i
21371,_4,_9,i
21371,_1,_10,i
21371,_5,_11,i
21371,_5,_6,i
21371,_8,_9,i
10560,_1,_2,i
10560,_2,_3,i
10560,_2,_4,i
10560,_4,_5,i
10560,_5,_6,i
10560,_6,_7,i
37633,_1,_2,i
37633,_2,_4,i
37633,_1,_5,i
37633,_3,_6,i
37633,_2,_7,i
37633,_7,_9,i
37633,_4,_10,i
37633,_5,_11,i
37633,_3,_4,i
37633,_5,_6,i
3668,_1,_2,i
3668,_1,_3,i
3668,_1,_4,i
3668,_4,_5,i
3668,_4,_6,i
3668,_5,_7,i
3668,_6,_8,i
3668,_6,_9,i
3668,_7,_10,i
3668,_7,_11,i
3668,_5,_6,i
21990,_1,_2,a
21990,_2,_3,a
21990,_3,_4,a
21990,_4,_5,a
21990,_5,_6,a
21990,_2,_7,a
21990,_4,_8,a
21990,_7,_9,a
21990,_7,_10,a
21990,_5,_11,a
21990,_11,_12,a
21990,_12,_13,a
21990,_13,_14,a
21990,_11,_15,a
21990,_13,_16,a
21990,_16,_17,a
21990,_6,_18,a
21990,_18,_19,a
21990,_19,_20,a
21990,_14,_21,a
21990,_6,_7,a
21990,_14,_15,a
9951,_1,_2,i
9951,_2,_3,i
9951,_2,_4,i
9951,_2,_5,i
9951,_3,_6,i
9951,_3,_7,i
9951,_4,_8,i
9951,_5,_9,i
9951,_6,_10,i
9951,_7,_11,i
9951,_6,_8,i
9951,_8,_9,i
9951,_9,_11,i
9951,_10,_11,i
194,_1,_2,i
194,_2,_3,i
194,_2,_4,i
194,_3,_5,i
194,_4,_6,i
194,_5,_7,i
194,_5,_8,i
194,_6,_9,i
194,_6,_8,i
35345,_1,_2,i
35345,_2,_3,i
35345,_1,_4,i
35345,_3,_5,i
35345,_4,_6,i
35345,_2,_7,i
35345,_7,_8,i
35345,_1,_9,i
35345,_9,_10,i
35345,_4,_5,i
23540,_1,_2,i
23540,_2,_3,i
23540,_3,_4,i
23540,_1,_5,i
23540,_4,_6,i
23540,_6,_7,i
23540,_5,_8,i
23540,_4,_5,i
23540,_7,_8,i
16582,_1,_2,i
16582,_2,_3,i
16582,_3,_4,i
16582,_3,_5,i
16582,_5,_6,i
16582,_6,_7,i
16582,_7,_8,i
16582,_7,_9,i
16582,_4,_10,i
16582,_4,_11,i
16582,_4,_12,i
17579,_1,_2,i
17579,_2,_3,i
17579,_3,_4,i
17579,_4,_5,i
17579,_1,_6,i
17579,_6,_7,i
17579,_7,_8,i
17579,_8,_9,i
17579,_5,_10,i
17579,_10,_11,i
17579,_5,_6,i
28711,_1,_2,a
28711,_2,_3,a
28711,_3,_4,a
28711,_4,_5,a
28711,_1,_6,a
28711,_6,_7,a
28711,_7,_8,a
28711,_8,_9,a
28711,_1,_10,a
28711,_7,_11,a
28711,_11,_12,a
28711,_12,_13,a
28711,_8,_14,a
28711,_11,_15,a
28711,_15,_16,a
28711,_16,_17,a
28711,_13,_18,a
28711,_9,_19,a
28711,_19,_20,a
28711,_20,_21,a
28711,_10,_22,a
28711,_21,_23,a
28711,_19,_24,a
28711,_4,_25,a
28711,_4,_26,a
28711,_20,_27,a
28711,_5,_6,a
28711,_9,_10,a
28711,_13,_14,a
28711,_21,_22,a
17624,_1,_2,i
17624,_3,_4,i
17624,_4,_5,i
17624,_4,_6,i
17624,_1,_7,i
17624,_1,_8,i
17624,_6,_9,i
17624,_9,_10,i
17624,_7,_11,i
17624,_6,_7,i
17624,_3,_8,i
17624,_10,_11,i
603,_1,_2,i
603,_2,_3,i
603,_2,_4,i
603,_3,_5,i
603,_4,_6,i
603,_5,_7,i
603,_6,_8,i
603,_7,_8,i
22369,_1,_2,i
22369,_2,_3,i
22369,_3,_4,i
22369,_1,_5,i
22369,_5,_6,i
22369,_6,_7,i
22369,_4,_8,i
22369,_5,_9,i
22369,_9,_10,i
22369,_4,_5,i
22369,_6,_8,i
4201,_1,_2,i
4201,_1,_3,i
4201,_1,_4,i
23401,_1,_2,a
23401,_2,_3,a
23401,_3,_4,a
23401,_1,_5,a
23401,_6,_7,a
23401,_7,_8,a
23401,_6,_10,a
23401,_2,_11,a
23401,_11,_12,a
23401,_6,_13,a
23401,_3,_14,a
23401,_15,_16,a
23401,_15,_17,a
23401,_17,_18,a
23401,_18,_19,a
23401,_18,_20,a
23401,_8,_21,a
23401,_21,_22,a
23401,_22,_23,a
23401,_8,_24,a
23401,_4,_5,a
23401,_9,_10,a
23401,_11,_13,a
23401,_9,_21,a
23401,_15,_24,a
25922,_1,_2,i
25922,_1,_7,i
25922,_1,_9,i
25922,_2,_8,i
25922,_2,_11,i
25922,_3,_4,i
25922,_3,_5,i
25922,_3,_9,i
25922,_4,_8,i
25922,_5,_6,i
25922,_6,_10,i
25922,_6,_7,i
17157,_1,_2,a
17157,_2,_3,a
17157,_3,_4,a
17157,_1,_5,a
17157,_5,_6,a
17157,_2,_7,a
17157,_7,_8,a
17157,_4,_9,a
17157,_9,_10,a
17157,_10,_11,a
17157,_11,_12,a
17157,_12,_13,a
17157,_9,_14,a
17157,_10,_15,a
17157,_12,_16,a
17157,_13,_17,a
17157,_4,_5,a
17157,_13,_14,a
2040,_1,_2,i
2040,_1,_3,i
2040,_1,_4,i
2040,_2,_5,i
2040,_4,_6,i
2040,_4,_7,i
2040,_6,_8,i
2040,_6,_9,i
2040,_7,_10,i
2040,_7,_11,i
2040,_9,_11,i
24047,_1,_2,i
24047,_2,_3,i
24047,_4,_5,i
24047,_6,_7,i
24047,_1,_8,i
24047,_3,_9,i
24047,_4,_8,i
24047,_6,_9,i
4614,_1,_2,i
4614,_2,_3,i
4614,_2,_4,i
4614,_3,_5,i
4614,_3,_6,i
4614,_3,_7,i
4614,_4,_8,i
4614,_5,_9,i
4614,_6,_7,i
4614,_5,_8,i
26603,_1,_2,i
26603,_2,_3,i
26603,_3,_4,i
26603,_1,_5,i
26603,_5,_6,i
26603,_6,_7,i
26603,_7,_8,i
26603,_8,_9,i
26603,_7,_10,i
26603,_10,_11,i
26603,_4,_5,i
23136,_1,_2,i
23136,_2,_3,i
23136,_3,_4,i
23136,_4,_5,i
23136,_1,_6,i
23136,_3,_7,i
23136,_7,_8,i
23136,_7,_9,i
23136,_9,_10,i
23136,_4,_11,i
23136,_11,_12,i
23136,_5,_6,i
33062,_1,_2,i
33062,_1,_3,i
33062,_3,_4,i
33062,_3,_5,i
33062,_3,_6,i
33062,_1,_7,i
33062,_7,_8,i
33062,_7,_9,i
33062,_8,_10,i
33062,_8,_9,i
4785,_1,_2,i
4785,_1,_3,i
4785,_1,_4,i
4785,_1,_5,i
4785,_5,_6,i
4785,_5,_7,i
4785,_6,_8,i
4785,_6,_9,i
4785,_7,_10,i
4785,_7,_11,i
4785,_9,_11,i
16982,_1,_2,a
16982,_1,_6,a
16982,_1,_7,a
16982,_2,_3,a
16982,_3,_4,a
16982,_4,_5,a
16982,_4,_15,a
16982,_5,_6,a
16982,_6,_53,a
16982,_7,_8,a
16982,_8,_9,a
16982,_9,_10,a
16982,_9,_14,a
16982,_10,_11,a
16982,_10,_49,a
16982,_11,_12,a
16982,_12,_13,a
16982,_12,_23,a
16982,_13,_14,a
16982,_15,_16,a
16982,_16,_17,a
16982,_17,_18,a
16982,_17,_22,a
16982,_18,_19,a
16982,_19,_20,a
16982,_19,_57,a
16982,_20,_21,a
16982,_20,_32,a
16982,_21,_35,a
16982,_21,_22,a
16982,_22,_31,a
16982,_23,_24,a
16982,_24,_25,a
16982,_25,_26,a
16982,_25,_30,a
16982,_26,_27,a
16982,_26,_36,a
16982,_27,_28,a
16982,_27,_37,a
16982,_28,_29,a
16982,_28,_40,a
16982,_29,_41,a
16982,_29,_30,a
16982,_32,_33,a
16982,_33,_34,a
16982,_34,_35,a
16982,_35,_61,a
16982,_37,_38,a
16982,_37,_45,a
16982,_38,_39,a
16982,_39,_40,a
16982,_41,_42,a
16982,_41,_43,a
16982,_41,_44,a
16982,_45,_46,a
16982,_45,_47,a
16982,_45,_48,a
16982,_49,_50,a
16982,_49,_51,a
16982,_49,_52,a
16982,_53,_54,a
16982,_53,_55,a
16982,_53,_56,a
16982,_57,_58,a
16982,_57,_59,a
16982,_57,_60,a
16982,_61,_62,a
16982,_61,_63,a
16982,_61,_64,a
12451,_1,_2,i
12451,_2,_3,i
12451,_3,_4,i
12451,_4,_5,i
12451,_5,_6,i
12451,_2,_7,i
12451,_5,_8,i
12451,_8,_9,i
12451,_9,_10,i
12451,_8,_11,i
12451,_11,_12,i
12451,_6,_7,i
1034,_1,_2,i
1034,_2,_3,i
1034,_2,_4,i
1034,_3,_5,i
1034,_3,_6,i
1034,_4,_7,i
1034,_4,_8,i
1034,_6,_9,i
1034,_9,_10,i
1034,_8,_9,i
29473,_1,_2,i
29473,_2,_3,i
29473,_2,_4,i
29473,_2,_5,i
29473,_1,_6,i
29473,_1,_7,i
29473,_1,_8,i
41286,_1,_2,a
41286,_1,_7,a
41286,_2,_3,a
41286,_2,_18,a
41286,_3,_4,a
41286,_3,_12,a
41286,_4,_5,a
41286,_5,_6,a
41286,_6,_11,a
41286,_6,_7,a
41286,_7,_10,a
41286,_8,_9,a
41286,_8,_11,a
41286,_9,_22,a
41286,_9,_10,a
41286,_11,_19,a
41286,_12,_13,a
41286,_12,_17,a
41286,_13,_14,a
41286,_13,_18,a
41286,_14,_15,a
41286,_15,_16,a
41286,_16,_17,a
41286,_19,_20,a
41286,_19,_21,a
41286,_22,_23,a
14922,_1,_2,i
14922,_1,_4,i
14922,_1,_5,i
37953,_1,_2,a
37953,_1,_4,a
37953,_5,_6,a
37953,_6,_7,a
37953,_7,_8,a
37953,_5,_9,a
37953,_8,_10,a
37953,_2,_11,a
37953,_9,_12,a
37953,_5,_13,a
37953,_4,_14,a
37953,_1,_15,a
37953,_15,_16,a
37953,_16,_17,a
37953,_14,_18,a
37953,_18,_19,a
37953,_19,_20,a
37953,_19,_21,a
37953,_8,_22,a
37953,_23,_24,a
37953,_23,_26,a
37953,_27,_28,a
37953,_28,_29,a
37953,_29,_30,a
37953,_30,_31,a
37953,_27,_32,a
37953,_30,_33,a
37953,_24,_34,a
37953,_27,_35,a
37953,_26,_36,a
37953,_19,_37,a
37953,_32,_38,a
37953,_38,_39,a
37953,_39,_40,a
37953,_39,_41,a
37953,_41,_42,a
37953,_42,_43,a
37953,_43,_44,a
37953,_44,_45,a
37953,_45,_46,a
37953,_46,_47,a
37953,_47,_48,a
37953,_48,_49,a
37953,_49,_50,a
37953,_50,_51,a
37953,_51,_52,a
37953,_52,_53,a
37953,_53,_54,a
37953,_54,_55,a
37953,_3,_4,a
37953,_7,_11,a
37953,_3,_11,a
37953,_9,_22,a
37953,_25,_26,a
37953,_31,_32,a
37953,_29,_34,a
37953,_25,_34,a
37953,_36,_37,a
21376,_1,_2,a
21376,_2,_3,a
21376,_3,_4,a
21376,_4,_5,a
21376,_1,_6,a
21376,_5,_7,a
21376,_4,_8,a
21376,_8,_9,a
21376,_9,_10,a
21376,_2,_11,a
21376,_11,_12,a
21376,_10,_13,a
21376,_12,_14,a
21376,_12,_15,a
21376,_15,_16,a
21376,_16,_17,a
21376,_16,_18,a
21376,_10,_19,a
21376,_10,_20,a
21376,_5,_6,a
15065,_1,_2,i
15065,_2,_3,i
15065,_2,_4,i
15065,_4,_5,i
15065,_4,_6,i
15065,_6,_7,i
15065,_7,_8,i
15065,_1,_9,i
15065,_9,_10,i
15065,_6,_9,i
19394,_1,_2,i
19394,_2,_3,i
19394,_2,_4,i
19394,_4,_5,i
19394,_5,_6,i
19394,_6,_7,i
19394,_7,_8,i
19394,_7,_9,i
19394,_9,_10,i
19394,_10,_11,i
19394,_11,_12,i
5843,_1,_2,i
5843,_1,_3,i
5843,_2,_4,i
5843,_3,_5,i
5843,_3,_6,i
5843,_5,_7,i
5843,_6,_8,i
5843,_7,_9,i
5843,_7,_10,i
5843,_10,_11,i
5843,_8,_10,i
5565,_1,_2,i
5565,_1,_3,i
5565,_2,_4,i
5565,_2,_5,i
5565,_3,_6,i
5565,_3,_7,i
5565,_6,_8,i
5565,_6,_9,i
5565,_7,_10,i
5565,_9,_11,i
5565,_10,_11,i
14561,_1,_2,i
14561,_2,_3,i
14561,_3,_4,i
14561,_1,_5,i
14561,_4,_6,i
14561,_4,_7,i
14561,_5,_8,i
14561,_1,_9,i
14561,_2,_10,i
14561,_4,_5,i
25529,_1,_2,i
25529,_2,_3,i
25529,_3,_4,i
25529,_1,_5,i
25529,_4,_6,i
25529,_6,_7,i
25529,_6,_8,i
25529,_4,_5,i
5209,_1,_2,i
5209,_2,_3,i
5209,_2,_4,i
5209,_3,_5,i
5209,_3,_6,i
5209,_4,_7,i
5209,_4,_8,i
5209,_5,_9,i
5209,_6,_10,i
5209,_9,_11,i
5209,_7,_9,i
5209,_8,_10,i
4418,_1,_2,i
4418,_2,_3,i
4418,_2,_4,i
4418,_3,_5,i
4418,_3,_6,i
4418,_4,_7,i
4418,_4,_8,i
4418,_5,_9,i
4418,_6,_10,i
4418,_10,_11,i
4418,_5,_7,i
4418,_8,_9,i
4418,_9,_10,i
1602,_1,_2,a
1602,_1,_3,a
1602,_2,_4,a
1602,_3,_5,a
1602,_3,_6,a
1602,_4,_7,a
1602,_4,_8,a
1602,_5,_9,a
1602,_5,_10,a
1602,_6,_11,a
1602,_7,_12,a
1602,_7,_13,a
1602,_8,_14,a
1602,_9,_15,a
1602,_9,_16,a
1602,_9,_17,a
1602,_10,_18,a
1602,_12,_19,a
1602,_12,_20,a
1602,_12,_21,a
1602,_13,_22,a
1602,_18,_23,a
1602,_22,_24,a
1602,_23,_25,a
1602,_24,_26,a
1602,_25,_27,a
1602,_26,_28,a
1602,_27,_29,a
1602,_27,_30,a
1602,_28,_31,a
1602,_28,_32,a
1602,_29,_33,a
1602,_30,_34,a
1602,_31,_35,a
1602,_32,_36,a
1602,_33,_37,a
1602,_35,_38,a
1602,_37,_39,a
1602,_38,_40,a
1602,_39,_41,a
1602,_40,_42,a
1602,_41,_43,a
1602,_42,_44,a
1602,_11,_18,a
1602,_14,_22,a
1602,_34,_37,a
1602,_36,_38,a
25020,_1,_2,i
25020,_1,_3,i
25020,_3,_4,i
25020,_2,_5,i
25020,_3,_6,i
25020,_3,_7,i
25020,_7,_8,i
25020,_7,_9,i
25020,_4,_10,i
25020,_10,_11,i
25020,_4,_5,i
25020,_9,_10,i
14560,_1,_2,i
14560,_2,_3,i
14560,_3,_4,i
14560,_1,_5,i
14560,_4,_6,i
14560,_4,_7,i
14560,_5,_8,i
14560,_1,_9,i
14560,_4,_5,i
11168,_1,_2,i
11168,_2,_3,i
11168,_3,_4,i
11168,_4,_5,i
11168,_1,_6,i
11168,_6,_7,i
11168,_7,_8,i
11168,_5,_9,i
11168,_3,_10,i
11168,_4,_11,i
11168,_5,_6,i
11168,_8,_9,i
14296,_1,_2,i
14296,_1,_3,i
14296,_3,_4,i
14296,_4,_5,i
14296,_2,_6,i
14296,_1,_7,i
14296,_3,_8,i
14296,_4,_9,i
14296,_8,_10,i
14296,_9,_11,i
14296,_5,_6,i
14296,_5,_7,i
25869,_1,_2,a
25869,_2,_3,a
25869,_3,_4,a
25869,_4,_5,a
25869,_1,_6,a
25869,_3,_7,a
25869,_5,_8,a
25869,_2,_9,a
25869,_6,_10,a
25869,_10,_11,a
25869,_11,_12,a
25869,_12,_13,a
25869,_10,_14,a
25869,_13,_15,a
25869,_15,_16,a
25869,_16,_17,a
25869,_12,_18,a
25869,_18,_19,a
25869,_19,_20,a
25869,_20,_21,a
25869,_20,_22,a
25869,_22,_23,a
25869,_23,_24,a
25869,_24,_25,a
25869,_25,_26,a
25869,_26,_27,a
25869,_27,_28,a
25869,_28,_29,a
25869,_29,_30,a
25869,_30,_31,a
25869,_31,_32,a
25869,_32,_33,a
25869,_33,_34,a
25869,_34,_35,a
25869,_5,_6,a
25869,_13,_14,a
3109,_1,_2,i
3109,_2,_3,i
3109,_2,_4,i
3109,_3,_5,i
3109,_3,_6,i
3109,_4,_7,i
3109,_4,_8,i
3109,_5,_9,i
3109,_5,_10,i
3109,_6,_11,i
3109,_8,_9,i
3109,_10,_11,i
9105,_1,_2,a
9105,_1,_3,a
9105,_1,_4,a
9105,_1,_5,a
9105,_5,_6,a
9105,_5,_7,a
9105,_6,_8,a
9105,_7,_9,a
9105,_8,_10,a
9105,_10,_11,a
9105,_12,_13,a
9105,_13,_14,a
9105,_13,_15,a
9105,_14,_16,a
9105,_14,_17,a
9105,_15,_18,a
9105,_15,_19,a
9105,_17,_20,a
9105,_17,_21,a
9105,_18,_22,a
9105,_19,_23,a
9105,_20,_24,a
9105,_21,_25,a
9105,_22,_26,a
9105,_24,_27,a
9105,_27,_28,a
9105,_28,_29,a
9105,_29,_30,a
9105,_30,_31,a
9105,_31,_32,a
9105,_31,_33,a
9105,_32,_34,a
9105,_34,_35,a
9105,_35,_36,a
9105,_36,_37,a
9105,_36,_38,a
9105,_37,_39,a
9105,_38,_40,a
9105,_39,_41,a
9105,_41,_42,a
9105,_42,_43,a
9105,_42,_44,a
9105,_43,_45,a
9105,_43,_46,a
9105,_44,_47,a
9105,_46,_48,a
9105,_47,_49,a
9105,_48,_50,a
9105,_49,_51,a
9105,_9,_10,a
9105,_16,_18,a
9105,_23,_26,a
9105,_25,_27,a
9105,_40,_41,a
9105,_46,_47,a
9105,_50,_51,a
6005,_1,_2,i
6005,_1,_3,i
6005,_1,_4,i
6005,_2,_5,i
6005,_2,_6,i
6005,_2,_7,i
6005,_3,_8,i
6005,_3,_9,i
6005,_8,_10,i
28149,_1,_2,i
28149,_2,_3,i
28149,_2,_4,i
28149,_4,_5,i
28149,_5,_6,i
28149,_1,_7,i
28149,_7,_8,i
28149,_7,_9,i
28149,_5,_7,i
20425,_1,_2,a
20425,_1,_6,a
20425,_2,_3,a
20425,_2,_13,a
20425,_3,_4,a
20425,_4,_5,a
20425,_5,_15,a
20425,_5,_6,a
20425,_7,_8,a
20425,_7,_12,a
20425,_7,_14,a
20425,_8,_9,a
20425,_8,_58,a
20425,_9,_10,a
20425,_9,_19,a
20425,_10,_11,a
20425,_10,_22,a
20425,_11,_12,a
20425,_12,_23,a
20425,_13,_14,a
20425,_15,_16,a
20425,_15,_17,a
20425,_15,_18,a
20425,_19,_20,a
20425,_20,_21,a
20425,_21,_27,a
20425,_21,_22,a
20425,_23,_24,a
20425,_23,_25,a
20425,_23,_26,a
20425,_27,_56,a
20425,_28,_29,a
20425,_28,_33,a
20425,_29,_30,a
20425,_29,_40,a
20425,_30,_31,a
20425,_31,_32,a
20425,_32,_42,a
20425,_32,_33,a
20425,_34,_35,a
20425,_34,_39,a
20425,_34,_41,a
20425,_35,_36,a
20425,_35,_57,a
20425,_36,_37,a
20425,_36,_46,a
20425,_37,_38,a
20425,_37,_49,a
20425,_38,_39,a
20425,_39,_50,a
20425,_40,_41,a
20425,_42,_43,a
20425,_42,_44,a
20425,_42,_45,a
20425,_46,_47,a
20425,_47,_48,a
20425,_48,_54,a
20425,_48,_49,a
20425,_50,_51,a
20425,_50,_52,a
20425,_50,_53,a
20425,_54,_56,a
20425,_55,_56,a
18029,_1,_2,i
18029,_2,_3,i
18029,_3,_4,i
18029,_4,_5,i
18029,_1,_6,i
18029,_5,_7,i
18029,_7,_8,i
18029,_8,_9,i
18029,_9,_10,i
18029,_2,_11,i
18029,_11,_12,i
18029,_5,_6,i
126,_1,_2,i
126,_1,_3,i
126,_2,_4,i
126,_2,_5,i
126,_2,_6,i
126,_3,_7,i
126,_7,_8,i
126,_8,_9,i
126,_8,_10,i
126,_9,_11,i
126,_11,_12,i
32304,_1,_2,i
32304,_2,_3,i
32304,_3,_4,i
32304,_1,_5,i
32304,_1,_6,i
32304,_3,_7,i
32304,_7,_8,i
32304,_4,_9,i
32304,_8,_10,i
32304,_4,_5,i
32304,_9,_10,i
251,_1,_2,i
251,_2,_3,i
251,_2,_4,i
251,_3,_5,i
251,_4,_6,i
251,_5,_6,i
21867,_1,_3,i
21867,_1,_4,i
21867,_4,_5,i
21867,_2,_6,i
21867,_2,_7,i
21867,_6,_8,i
21867,_3,_9,i
21867,_6,_10,i
21867,_10,_11,i
21867,_1,_12,i
21867,_2,_3,i
21867,_5,_6,i
21867,_8,_9,i
125,_1,_2,i
125,_1,_3,i
125,_2,_4,i
125,_3,_5,i
125,_3,_6,i
125,_3,_7,i
125,_4,_8,i
125,_8,_9,i
125,_9,_10,i
125,_10,_11,i
39056,_1,_2,i
39056,_2,_3,i
39056,_3,_4,i
39056,_1,_5,i
39056,_3,_6,i
39056,_6,_7,i
39056,_2,_8,i
39056,_4,_5,i
2637,_1,_2,i
2637,_1,_3,i
2637,_1,_4,i
2637,_4,_5,i
2637,_4,_6,i
2637,_5,_7,i
2637,_5,_8,i
2637,_6,_9,i
2637,_7,_10,i
2637,_7,_11,i
2637,_9,_12,i
2637,_8,_9,i
7840,_1,_2,i
7840,_2,_3,i
7840,_2,_4,i
7840,_2,_5,i
7840,_3,_6,i
7840,_4,_7,i
7840,_5,_8,i
7840,_6,_9,i
7840,_6,_10,i
7840,_7,_11,i
7840,_8,_9,i
7840,_7,_10,i
7840,_8,_11,i
2730,_1,_2,i
2730,_1,_3,i
2730,_2,_4,i
2730,_3,_5,i
2730,_3,_6,i
2730,_3,_7,i
2730,_4,_8,i
2730,_8,_9,i
2730,_8,_10,i
